Monthly_Income,Credit_Approval
3926087,0
3143362,0
3057241,1
4205096,1
3976103,1
5965381,1
4284261,1
1886999,0
2029331,0
5877175,1
2930831,0
4509540,1
4585681,1
5081527,1
5512505,1
5613774,1
3041399,0
2995532,1
5298255,1
4843760,1
2529230,1
3643790,1
4442409,1
2810557,0
5026799,0
2188098,0
3928821,1
5347273,1
5014046,1
3801841,1
3065124,0
4991192,1
4447107,1
4258931,1
4772564,1
5305873,1
5381820,1
4124635,0
4274344,0
1572449,0
3604849,1
2101558,0
3646303,0
3805927,0
2282623,1
4022752,1
2821162,1
3706389,1
1685120,0
5230214,1
3039245,0
1701767,1
2080015,0
3502319,0
4598081,1
3997898,0
2676874,0
5625550,1
3022170,1
3266998,1
3564138,1
5504601,1
5325011,1
4161127,1
3524564,0
4331004,1
4879303,0
5314557,1
2221937,0
2165511,0
2176789,0
1355109,0
1932935,0
5930566,1
4361010,1
1433545,0
2672532,1
3193162,0
1831324,0
3735840,1
2772464,0
4330004,1
1305421,0
5277106,1
3036990,0
5264322,1
2826818,0
1851165,0
3803020,0
4398034,1
5847365,1
3213301,1
3355435,1
4827892,1
1782053,0
3740173,1
4136218,0
1976589,1
2490237,0
1811005,0
4115442,0
5712242,1
4944372,0
2291757,1
2729850,0
3855338,0
4628311,1
1829806,1
2019993,0
5960376,1
1619936,0
1430156,0
2876613,0
5764337,1
1362209,0
5632066,1
4184694,1
2407449,0
1803969,0
1892468,0
5319098,1
1719494,0
4467309,0
1561519,0
3427771,0
1966914,0
1714204,0
5373811,1
3270425,0
2580474,1
4681440,0
2609338,1
3927808,0
1494670,0
5641438,1
3003115,0
5575320,0
4500011,0
5381163,1
2957220,0
2840568,0
2666449,0
5945904,1
3967142,1
4728804,1
4043034,0
2835584,0
3913905,1
3315866,0
3004154,1
3571786,0
3051880,0
2446757,0
5748480,1
2689483,0
5987896,1
4043871,1
5140936,1
1821377,0
5445315,1
5918482,1
5573645,1
2674664,1
2482523,0
1705159,0
2401202,1
5622316,1
3959461,1
5768798,1
5497959,1
4401530,1
1985363,0
2968038,0
5714482,1
5370260,1
4131958,1
1737199,0
2000100,1
1663738,0
4311084,1
3456915,0
5211229,1
5525658,1
5790008,1
2031898,0
5301165,1
3852999,1
3548787,0
5994916,1
1850279,0
1631759,0
1329785,0
1625392,0
4042642,0
2133866,0
3893555,1
5743379,1
5979603,1
3573756,1
2007855,0
3404378,0
5037047,1
3658585,1
5367593,0
2784240,0
1492551,1
5420497,1
5856827,1
1904766,0
2820392,0
5711639,1
4869149,0
2969255,0
4595867,1
2524670,0
3332701,1
4934061,1
4349626,1
3467392,0
3733529,0
1454752,1
3722458,1
2790508,0
2588231,0
3182084,1
4533948,0
3717747,0
3323081,0
4762736,1
3798514,0
3777848,1
4264757,1
5423574,1
3020767,0
4165432,0
1768729,0
4044355,1
2922418,0
2220000,0
2136377,0
3980796,1
5253961,1
2105394,0
3803094,0
1731976,0
5269138,1
4063349,1
3291253,1
5649864,1
2745073,0
5444571,1
2684736,0
5936975,1
5218769,1
1540805,1
3742938,1
1690484,0
3011688,1
5693420,1
1467807,0
1518175,0
3371570,1
5869263,1
1670252,0
4304215,1
3732052,1
4748415,1
1390696,0
1436850,0
1522898,0
5040492,1
3111352,0
4169667,1
3296545,0
5582220,1
3923472,0
1543770,0
5325241,1
4657007,0
5714454,1
4346215,0
3508916,0
4921012,1
5525784,1
4717143,0
4936057,1
3623514,1
1818247,0
4605199,1
4354903,0
5651039,1
4761463,0
3941415,0
4167440,1
3187502,1
4587855,1
4797471,1
3290845,0
2724069,0
2205737,1
4087008,1
1636814,0
2553195,0
4396539,0
2380167,1
5767624,1
1656415,0
4994038,1
3455032,0
2014718,0
5118652,1
4508310,1
2835609,1
2924438,1
4660829,1
5554610,1
5396656,1
4987692,0
3560166,0
3147908,1
4242782,1
5054158,1
2005479,0
5680642,1
3064664,1
4491411,1
3626484,1
4455728,1
1354469,0
2933502,1
1305729,0
1721007,0
5466731,1
2795168,0
2523688,0
2799369,0
4287842,1
1726028,0
4265733,1
3929061,0
2481819,0
4547239,0
4510626,1
5217317,1
4604700,1
3364147,1
4598484,1
1633756,0
4031186,1
1614167,0
2641265,1
2237308,0
4476116,1
4879826,1
2123050,0
1704682,0
2621307,1
5975474,1
5881009,1
2219867,0
4590232,1
5820534,1
3901350,0
4552123,1
1909620,0
2204064,1
4600240,0
3905853,1
5632437,1
1493069,0
5828482,1
1795053,0
4302373,1
1421117,0
3472469,0
4336940,1
2024129,0
5954708,1
4770752,1
4092373,0
2632874,0
4251566,1
3774946,1
1884175,0
4254116,1
3742642,1
2319771,1
4082869,1
5132672,1
5351065,1
2151478,1
3504509,0
1750414,0
2556814,0
1901736,0
1840418,0
2283461,0
4127762,0
1568824,0
5574402,1
5532899,1
4648191,1
3068509,0
3571969,0
4546517,1
3754632,0
3414324,1
4647165,0
2629803,1
5274181,1
5807553,1
5241895,1
5405602,1
4927093,1
5075417,0
3488606,0
2028433,1
5239344,1
3648024,1
5653631,1
1453658,0
2414578,0
4166269,1
4544651,1
3192770,0
3623066,1
4955406,0
2874413,1
2513508,0
4770675,1
1942053,0
5577093,1
2996358,0
5537761,1
2374371,1
5068094,0
5131329,1
5519815,1
3327118,1
5418962,1
2911218,0
3437686,0
1421990,0
5416327,1
2454425,0
3365664,0
3406007,1
3205317,0
4858568,1
3169131,0
2983362,1
4344967,1
4618722,0
4105692,0
4469097,1
4626271,1
2036935,1
2857977,0
3670501,0
3385741,0
5668584,0
5852858,0
2062280,1
4993003,1
2741034,0
1567484,0
3799673,1
2644300,0
3661293,1
5303934,1
4254742,1
3871184,1
2798297,0
2694146,0
4989668,1
2425890,0
3945834,1
5686581,1
2932978,0
3304077,1
4471892,0
1675593,0
3929670,0
3039742,0
5352100,1
3000388,0
1382078,0
4617977,1
3193872,1
3970601,0
4403844,1
1310950,0
2144765,1
4031155,1
5027020,1
3803053,0
2987873,1
3201945,1
4952435,1
5337948,0
2245532,0
1720140,0
3514697,1
5535435,1
5670862,1
5627961,0
3465172,0
3887676,0
4102568,0
1888769,0
4670089,1
3936497,1
3718686,0
2399353,0
2787148,1
2946127,0
3548782,0
5555619,1
4499495,0
1922832,1
3822414,1
3223646,1
3141991,1
4834871,1
5971467,1
4455300,1
2753952,0
1439331,0
4629454,1
3943609,1
3603484,1
5674414,1
2446635,0
4158628,0
5518596,1
5791703,1
4836035,1
4896134,1
4564335,1
3368418,0
4551842,1
1867961,0
3571064,1
5940327,1
5571402,1
5715397,1
1696279,0
1893214,0
1890464,0
1759994,0
4296324,0
1698559,0
3715551,0
3280111,1
4071894,0
5810672,1
4803415,0
1490352,0
2270922,0
4427541,1
4241668,1
5701219,1
4835429,1
3040395,0
3036910,1
5703377,1
1874371,1
3634256,0
5366314,1
4385932,1
3311814,0
4611487,0
4844132,1
4329186,0
2748065,0
3295988,1
4173872,1
2403346,0
1990118,0
2583720,1
4148911,1
2958880,0
4164201,0
5645131,1
3231029,1
2709484,0
3505818,1
3519275,1
1538365,0
4502859,1
4007669,0
2966411,1
3757579,1
1759169,0
4531442,1
2183501,0
1648063,0
5017439,0
1648692,0
5148333,1
4529758,1
3462626,0
4671192,1
1708333,0
2133076,0
2363605,0
5391471,1
2890722,0
5082504,1
1987855,1
2214390,0
4593615,0
4130899,0
2495406,0
3327552,1
4660187,1
2913204,0
5275157,1
4194851,0
3497230,0
5725076,1
5006169,1
3122976,1
4331171,0
1506441,0
3126401,1
3366882,0
4625181,0
4466278,0
4873251,0
4136139,1
2542133,0
2582805,1
2837121,0
4087517,1
5525116,1
2348826,0
4348221,1
3957415,0
5112642,1
1368522,0
5211873,1
2215271,0
3609100,0
5988704,1
1663950,1
1544753,0
1682275,0
3418201,1
3166137,1
2418482,0
2537910,1
3903857,0
3598891,1
5684093,1
4387620,1
5771143,1
2864418,1
1336671,0
5237155,0
5317253,1
4682099,1
5282377,1
3245677,1
4098771,1
4375693,1
3294298,1
1569301,0
2981880,1
2193034,1
3140266,0
2158359,0
2002044,0
1965208,1
3570919,0
3756686,1
1502209,0
5943722,1
3028230,0
2601043,0
2619980,0
1891098,0
4331811,1
4220724,1
5182169,1
5710543,1
3185497,0
4821342,0
3660095,0
2918596,1
5041007,1
2664453,0
4082826,0
4979985,0
2774545,0
4860732,1
3423416,1
1644573,0
1925045,0
1648223,0
5837644,1
2298876,0
2037787,0
4259426,0
4323365,0
3288195,0
4601554,1
4860709,1
2091798,0
2836310,0
4323041,1
3581840,0
5777338,1
3761199,0
1421206,0
1362688,0
3395950,1
2855032,0
3342395,0
4503359,1
1477415,0
5596616,1
4707184,1
3311700,0
4247270,1
2984282,1
3302873,0
4721840,1
3596119,1
4028410,1
5327249,1
2409501,0
2353570,0
4013849,1
2296516,1
3166144,0
3440798,1
5886531,1
4001760,1
5141527,1
4561470,0
3691845,0
3290658,1
3352770,0
5610595,1
1519752,0
2285711,0
4774728,0
5212419,1
1681609,0
3360255,1
1424548,0
4219195,1
1657896,1
3282864,1
3806086,1
2273833,0
5040424,1
4633261,1
4019990,1
4785921,0
5989160,1
4840841,1
5097639,1
2882419,0
3410670,1
5898526,1
1958691,0
4698555,1
5450943,1
3694312,1
3149228,1
1825795,0
1524989,1
4619878,1
2294344,0
2765169,1
2123032,0
5295147,1
3724818,1
3865888,1
4267223,1
4725919,1
3718072,0
5176999,1
3625367,0
3514225,1
1372471,0
2439419,1
2096297,0
5507244,1
2338661,0
4182289,1
1945961,0
4096794,0
2856894,0
4728148,0
5818977,1
3805863,0
2098164,1
1647950,0
3621778,0
3886697,1
3908883,1
1709112,1
3225010,1
2980111,1
5859226,1
1786053,0
5917053,1
5229363,1
2988050,0
5132176,1
5572525,1
5802832,1
3632858,1
4518279,1
5037324,1
5194760,1
3640488,1
3522928,0
5888754,1
2306711,1
2581089,1
5084174,0
4768329,1
2873060,0
3646488,1
2964233,1
2972999,0
5978857,1
1517193,0
1659822,0
1621190,0
4274679,1
4194445,0
2538880,1
4603837,0
3324648,0
4659985,1
2516663,1
4572598,1
1374139,0
5220390,1
1969089,0
2753473,0
1822314,0
3276092,1
4823403,0
5108312,1
3799598,0
1514710,0
5972695,1
3887729,1
5626784,1
1782335,0
3820340,0
3160116,0
3989346,1
3557459,1
3920086,1
2125492,1
4296256,1
5564883,1
5297981,1
2812455,0
4635076,0
5172069,0
3689103,0
3565165,1
3739431,0
2716853,1
3504497,1
2816525,0
4776046,1
1860888,0
4260888,1
5648093,1
4000519,0
2095856,1
1649317,0
3564313,1
4686608,1
2799292,0
2513068,0
4134275,1
5211630,1
5414824,1
4785066,1
1573259,0
2233814,0
2232064,0
3332379,0
4367597,1
4847099,1
5699075,1
4606558,0
1787964,0
5222360,1
4386910,1
1800563,0
5490033,1
4844168,0
1877550,0
4539760,1
4435004,0
5900658,1
2257532,1
2372026,0
4292925,0
2432115,0
2022331,0
2310547,0
4091277,1
2160556,0
4235897,1
3125646,0
5784560,1
2364862,0
1361235,0
3969482,1
1831860,0
1809066,0
4540172,1
3890201,0
4876443,1
4681984,1
5754675,1
3232357,0
2303362,0
2566557,0
3891130,1
3807208,0
5797312,1
3014700,1
3577873,0
5681120,1
4859804,1
2454862,0
1538912,0
4819933,1
3314328,1
3376461,1
1593576,0
4532710,1
5353381,0
4813432,1
3942013,0
3905483,0
4241865,1
5887803,1
4672763,1
5361524,1
5854546,1
2157625,0
2660984,0
1517731,0
3512900,0
3493087,1
1921948,0
4232015,1
4255520,1
2733961,0
2436460,0
2949795,0
5536940,1
3958893,0
2961702,0
4446320,1
4635194,1
3042540,0
4569755,1
5273662,1
4538428,1
5636565,1
2445566,1
4843385,1
2961165,0
3257823,0
3400950,0
5801724,1
2885277,0
3644072,0
3234715,0
1380609,0
2494283,0
5053548,1
2892545,1
4741605,1
4098963,0
1454532,0
4390724,1
2431499,0
4401848,1
5047631,1
5563817,1
2201129,0
5193329,0
2831564,0
5202845,1
