Monthly_Income,Monthly_Debt,Credit_Score,Age,Credit_Risk
1646631,603718,344,50,1
5334271,3146667,549,25,1
1990087,479447,815,37,1
4480913,2983094,719,65,0
3262328,1806513,566,48,0
4076573,1954187,400,45,0
4063689,2128734,502,22,1
1380980,1098171,708,51,1
2479826,1710691,778,53,0
4505686,1921103,794,68,1
5095506,3315512,647,29,0
2173606,316917,677,63,0
4289395,1747121,397,64,0
5563025,4293885,625,64,0
3466045,369208,522,60,1
1581083,459790,710,68,0
5250154,3075048,495,46,0
5532656,3799640,728,63,0
2323589,405071,736,29,0
5402649,3706038,711,70,0
1472706,954199,454,53,1
1831937,926208,466,26,1
4513937,3015057,316,44,1
2563430,249483,420,45,1
5630052,2224956,698,66,1
1362110,262035,592,61,1
4878649,3652985,769,38,0
2785205,2077188,620,54,1
5576617,770797,352,39,0
4438060,2569616,735,50,0
5978410,430204,597,69,0
5608648,732975,439,67,0
1617060,385442,496,51,1
4148789,3073804,415,20,1
5488895,650056,428,68,0
1526842,815853,458,43,1
5471609,1721873,638,47,0
2761447,2015456,782,20,1
5151636,1670612,602,59,0
5136135,1940208,581,18,1
3604027,2352153,439,33,1
4053843,1501551,628,38,0
1840890,867408,426,19,1
1548126,1060332,308,70,1
2323574,362448,433,26,1
5975349,1694731,671,52,0
2716400,1097135,379,41,1
1357294,350077,533,43,0
4725032,3634891,405,38,1
2014773,486491,450,63,0
5906084,283836,554,52,0
1976284,922453,435,47,1
3138358,1210548,594,61,1
4276848,2210326,507,33,1
3644305,2123132,423,38,1
5092837,3411847,376,31,1
5702835,4044288,467,53,1
5630991,4036408,550,48,1
3880999,1231996,608,39,0
3642194,397797,830,60,0
4835788,1184892,446,59,0
2462780,1885874,821,21,0
1730930,1013348,591,25,0
2043336,744781,695,57,0
5899497,2389800,838,61,1
3064791,1633233,346,37,1
4152901,2671312,624,51,1
3903253,1037423,572,46,0
4477943,2942968,839,64,1
2223380,1470010,456,37,1
4277745,438038,805,48,0
5856146,2158309,798,30,1
2490067,1155186,344,18,0
2685689,1936125,519,31,1
2105001,249959,541,52,1
5660212,3803215,571,50,1
4844472,2280471,588,50,0
2648774,1347585,501,45,1
1991216,240097,847,27,0
5425145,1699642,496,63,0
2799638,290542,340,56,1
2186991,1055721,793,36,1
1487538,460271,337,30,1
4737644,2487844,454,28,1
2594207,798682,390,61,1
5123804,621394,753,55,0
2458091,490166,498,40,1
3348981,1605110,551,41,0
2683667,275661,671,27,0
1522006,211074,821,68,0
1373813,226552,468,64,1
5802887,272927,753,54,0
2249962,603163,806,47,0
4604734,1219393,419,36,0
3903201,2969756,384,52,1
1726604,1226473,405,49,1
5786182,1697144,820,18,0
3682448,968229,807,21,0
2015139,1363356,501,26,1
1350299,857028,531,57,1
2955640,2116585,531,44,1
3281719,563242,568,58,0
2481032,437140,413,44,0
5515893,697058,345,48,0
1383017,773542,567,34,1
3574679,1115119,831,28,0
1533144,292555,694,40,1
5627708,1072039,402,59,1
3523566,268135,362,21,1
5540543,2935464,375,42,1
4870488,2815939,433,67,1
2160803,1220565,582,33,1
4214196,351839,787,68,0
1359615,544104,794,69,0
2672690,1936990,522,68,1
5275807,1375771,841,29,1
3102006,916103,837,22,0
3299334,305788,843,38,0
3784749,725156,489,36,1
2941710,1724745,454,62,1
3484234,2726800,837,59,0
5682944,3213162,736,59,1
3399299,632001,383,27,0
1312603,1042445,538,63,1
1669230,379835,514,21,1
4339586,1982505,459,36,1
3522248,2509676,501,61,1
3567266,2078491,578,29,0
2776785,2113213,702,30,1
4560214,856178,786,59,0
4173400,710083,468,52,0
4869691,2209246,693,34,0
2415564,1203296,833,61,0
5205763,3121721,344,41,1
2596564,683231,427,24,0
2201781,1164508,810,45,0
1888377,1428833,697,40,1
4235625,451020,779,68,0
1880194,491663,525,53,1
1708050,1163273,825,53,0
2041955,1180882,535,36,1
5602110,3951176,605,50,1
4140572,2345627,555,52,0
4309904,1864993,348,26,1
2074252,1304864,740,45,0
3804815,1021533,457,30,1
5661453,450532,374,43,0
3742901,2055200,622,29,1
4414842,819462,461,39,1
1967694,1189022,713,43,1
2509281,1353360,312,66,1
3554477,872098,825,46,1
3991684,1188766,798,38,0
3933791,1274587,515,36,0
4543518,965614,415,62,0
4503106,3198578,803,52,1
5470321,390964,750,67,0
3026812,860551,764,62,0
1922111,938870,646,50,0
5984350,2715085,471,31,1
3469250,593087,324,65,1
2259359,1581019,639,30,1
1923621,1038595,523,33,1
1994276,1119621,693,45,1
3171001,1421575,689,49,0
5740811,1549694,330,19,0
3149855,2451556,442,28,1
2679721,317019,473,68,1
4176187,2044996,437,45,1
2455044,711063,656,53,0
2852630,1684808,774,20,1
5595832,3908506,405,61,1
5696778,1540828,681,36,0
3580236,861797,343,34,0
1400429,235968,683,42,0
2787265,1492133,606,20,1
3051550,1535709,759,53,0
5022304,2190555,618,39,0
3524299,751163,820,42,0
4904344,1031370,668,43,0
5805061,2579310,453,38,0
1882099,1326478,603,41,1
5986639,3023786,627,39,0
5327900,1815972,402,61,0
3710985,2954429,311,61,1
2984221,539311,504,54,0
3976291,1258447,375,22,0
4917532,1703772,489,53,1
3560756,1506967,536,45,0
1445691,492021,824,24,1
5950471,2767755,737,18,1
3353234,269617,386,55,0
4512278,1625494,388,65,1
5736154,3854021,499,66,1
3888002,742739,836,53,0
1655987,217343,344,61,0
5105487,3666453,373,48,0
2425091,242040,583,46,0
2539984,1095664,359,64,0
5443268,1329482,380,58,0
5995814,790623,732,61,1
5528821,4381734,475,24,1
5420442,836621,749,26,1
3957036,2671276,850,18,0
1597651,729747,646,49,1
3564979,998358,670,22,0
2951982,1863782,557,21,1
3284146,478887,767,31,0
1952647,1512089,311,34,1
4475527,3453939,486,51,0
5832005,2397031,583,62,1
3984682,1415474,728,45,0
2722198,490047,380,61,1
5827464,2967452,666,43,1
2064242,865685,600,34,1
1755363,826819,701,22,0
2866067,1275011,649,50,0
3226648,1320504,535,25,1
2477650,619718,809,28,0
1756103,470297,761,58,0
4466617,511271,377,56,0
3089699,1295073,802,68,0
1694247,635813,670,51,0
5367829,3248464,832,35,0
3243584,1733471,332,41,0
3559463,2312040,389,45,0
4087783,460412,399,58,0
2142839,319651,560,22,0
4176342,2789643,549,60,0
2792315,847660,758,65,0
3594408,1400017,587,70,1
3826211,1587776,676,41,0
4410031,2126942,840,65,0
3665332,2501262,522,28,0
3268719,358380,371,56,0
4852499,2137290,423,57,0
5534055,4137363,362,25,0
1885644,410865,740,21,1
4216580,1117486,544,59,0
1334256,856850,666,37,0
2371070,1087949,625,25,0
5746137,4539531,720,50,1
1984856,604486,529,48,0
3964470,1080756,363,26,0
2170413,1045398,446,19,0
3866302,367907,411,69,0
4268395,385983,345,43,0
5247750,2299428,482,20,1
2993101,310064,600,51,0
3970598,1206061,438,33,0
1670380,1091848,842,61,0
2522664,1463357,581,34,0
3785362,1563862,474,28,1
4908073,1036883,836,55,0
4351095,1973986,688,54,0
2695129,1383086,662,36,0
5561921,2951821,328,43,1
4403797,2853582,418,64,1
4844680,476930,404,62,0
2169108,1112173,672,49,0
2204527,1399141,784,54,1
3708827,2244816,739,62,0
3598063,1307969,834,49,0
2581506,775485,809,33,0
4716904,711280,359,58,1
5575897,3681867,675,56,1
2904959,421876,380,38,1
4698565,477064,650,33,0
2747333,408054,391,36,0
2166441,1114820,535,59,1
3499950,528568,367,24,0
4291097,337748,628,29,0
3292450,2252089,434,23,1
5512878,1582224,554,37,1
3390234,980777,800,19,0
2735795,280736,421,38,0
1317154,636445,327,70,1
1422363,353926,560,31,1
4528103,3532813,501,55,0
5300503,2066639,659,49,0
3858667,2844175,826,53,0
2560229,1652039,788,61,0
5479634,3447648,688,21,1
1353957,866627,590,41,1
3739881,641738,573,54,0
2339952,1332660,783,68,1
1317735,767454,582,27,1
3064318,1403059,445,48,1
5723945,1151526,586,24,0
5168974,3403425,843,35,0
1780501,509007,390,18,0
1483344,330138,707,38,0
4777995,1303355,791,66,0
4347052,695843,790,49,0
5678619,2925954,843,38,1
2699543,1020949,830,59,0
4457431,1066585,594,45,1
3674977,469971,348,39,0
4249376,2016963,732,55,0
4184577,233976,795,51,0
4769409,1488962,377,39,1
2905753,1868663,654,30,0
5030652,2548724,524,62,1
2942286,1792380,458,30,1
2800838,1873985,733,55,1
4087212,2645948,323,52,0
2797600,1009364,801,59,1
3977631,886671,409,20,1
2473868,1762711,627,18,0
4611245,991745,453,67,1
2348728,806059,512,34,1
5904926,2567722,521,50,0
5638712,2402227,331,70,0
1317767,659849,681,24,0
3557626,583808,344,65,1
1890815,1283976,836,58,1
3241556,405727,374,21,0
1637860,734058,467,52,0
1849137,264967,327,57,0
2310276,1501577,849,21,1
3688902,2247030,827,53,1
4159364,3260165,467,25,1
2756096,1149395,454,50,1
3717227,2586374,356,41,1
2720625,1084973,485,63,0
5752860,3871141,429,51,1
2715768,2053589,715,31,0
3103528,2116927,514,34,0
1686599,233451,490,31,0
1916506,1133894,370,63,0
5934245,3209098,496,45,0
2052945,698640,587,56,0
2154017,709692,625,36,0
1684963,1235577,706,42,1
3232016,967485,635,22,1
5143381,3903598,695,64,0
2604647,1151020,502,39,1
3297078,696400,399,57,1
1982151,482713,774,52,0
4527576,3519745,412,61,0
4910234,2385906,381,28,0
5689196,2618302,328,47,1
2700451,1608982,701,28,1
1933558,336216,695,19,1
5080983,1752018,833,19,1
2832273,1167104,696,64,1
4509560,915888,790,44,1
5265817,642392,628,69,0
1415558,625183,814,54,1
2937386,2301379,474,53,0
4765495,628291,428,65,0
4981351,3387344,799,35,0
4401796,2792870,497,40,1
5652988,736850,560,39,0
3252920,2221866,723,57,1
5132418,2812469,782,33,0
3448139,2376116,358,62,1
4439192,1928524,831,22,0
3121932,1019141,757,69,0
1353304,351444,634,67,1
1370897,842963,643,25,1
5242492,1946113,794,49,0
4477858,1579882,494,39,0
2930879,1925910,796,46,0
1445501,1005701,667,33,1
1570284,1249800,579,57,1
4091430,2501926,457,57,1
5767743,1283478,777,34,0
4501672,2214309,510,38,1
5322247,690903,487,26,0
3638231,2753059,762,63,0
2559315,668896,623,19,0
1830567,453428,440,55,1
5487748,3944719,681,42,0
3407141,1340532,431,58,1
1796910,1134603,325,19,1
2287860,586124,562,36,0
2770061,1879974,826,19,1
4116755,271992,506,26,1
2706325,1057400,834,31,1
1464217,921140,836,41,0
5871632,1067704,847,47,1
4014385,2496419,817,24,0
5375983,1367685,522,35,0
2019104,1073609,531,26,1
4148150,603409,696,59,0
3687601,748945,441,65,0
4491600,1276405,307,60,0
1321923,805177,747,60,0
3399724,2605703,427,55,0
5693204,2794882,509,21,1
2189653,914107,762,53,0
2654218,1422729,412,22,1
4020791,2364468,592,59,0
4779030,1975383,807,22,0
5076246,1387283,374,36,0
1490160,275627,345,45,1
2006195,1501626,369,67,1
5263991,3317008,761,68,1
4696467,306768,765,42,0
4009612,2738337,741,46,0
2441765,1824118,475,35,0
4765809,2739387,484,51,0
5439995,1372129,321,62,1
1807156,913265,659,41,1
3765053,1205984,384,21,1
5270944,1621702,310,45,0
2909180,215281,588,41,0
3029865,2010464,330,48,1
5724162,834274,527,54,1
2150774,850853,539,61,1
5794190,1246717,721,68,0
2264270,1423781,439,38,1
3527160,2689493,708,37,0
2771597,263490,646,56,0
2781881,1623099,473,39,1
1810777,498688,777,70,0
2263089,299121,596,41,0
3598186,1742595,371,40,1
4046837,2260678,342,38,1
2045683,310853,761,32,0
2067910,1637569,443,43,1
3457673,1318900,538,54,1
5755122,1235353,847,34,0
5407103,1677112,580,35,0
2290907,533890,537,65,1
4956853,1390390,326,23,1
1663874,731485,706,34,0
2234037,1244182,747,64,1
3182613,1838359,443,69,1
5040223,3786012,303,65,0
5255675,3322236,762,38,1
2828905,2154460,396,24,0
4330525,763045,462,50,0
2105921,1019214,507,59,1
3890317,644674,408,50,1
2329329,369162,614,58,0
5709371,1202867,357,28,0
2928002,853509,828,18,0
2554748,1360650,447,58,1
4246454,1205772,574,41,0
3639395,644500,423,38,0
3727725,212888,604,43,1
5131858,3933314,830,37,1
1327709,666153,718,54,0
3717448,984510,448,65,1
4319134,3018543,343,67,1
4054415,1246058,592,50,0
3184351,1038572,545,20,0
1579528,217212,466,46,1
3772298,2103236,747,44,0
4543596,1068313,593,46,0
2278145,910974,328,60,1
5062217,3845530,596,34,1
3878893,1705993,823,65,1
4631925,1046903,638,25,0
1901486,272043,623,28,1
5698478,2604041,573,67,0
2215356,474927,417,41,1
1623401,559929,599,29,0
3637401,335097,835,42,0
3771120,1536994,303,22,1
2885571,1729448,602,46,1
1934748,1387897,622,27,1
3468506,1687339,839,64,0
4484747,2827685,495,25,1
4628197,3564612,812,44,1
3314528,2588745,633,66,0
3411329,2598851,439,54,1
3717173,2225927,421,43,1
3199846,708734,783,31,0
1534839,1050260,430,59,1
2211165,1666448,371,20,1
5250420,535231,440,40,0
2274309,915582,471,68,0
1916193,1012643,655,36,1
2424739,1928088,361,67,1
4562100,3461517,711,42,0
2777194,1814098,693,34,1
4483847,2271508,487,51,0
2912944,2328206,419,19,1
1673861,321426,800,34,0
1625282,424925,716,28,0
2857969,1700124,376,38,1
1690679,908441,584,32,1
3216447,2565240,410,38,1
4390797,2162507,763,23,0
1332286,397655,633,40,1
2337317,1014204,571,52,0
4624385,2664639,746,21,0
2328890,688330,401,47,0
2629628,772584,665,45,0
2139249,1416213,716,65,1
3337712,1065554,481,66,1
2105513,1236180,385,61,1
3120227,989115,521,66,1
4994791,2250646,367,34,1
3926096,319391,449,39,0
4382456,2891167,627,52,1
3439542,1045787,382,32,0
3143173,1127741,560,24,0
1308630,845848,468,30,1
2927478,1070167,591,66,1
4340346,938102,753,69,0
5125268,556248,457,39,0
2306526,838655,375,32,1
2695704,613522,324,38,0
3696065,2669154,421,49,1
2988503,1227664,774,37,1
4188124,879533,448,43,0
3457737,1080465,525,39,1
5918344,4428085,353,62,1
3295667,697478,507,32,0
3551902,2282102,766,22,1
2627712,628560,414,65,1
3239890,611821,451,64,0
2391752,1549401,482,36,0
2824330,1688336,556,53,1
2867309,747168,501,58,1
1871049,706720,415,45,1
5210503,576852,637,32,1
1706222,549594,343,55,1
1918261,969680,443,42,1
5908957,216708,769,22,0
1780584,395640,362,19,1
5928120,3750337,805,31,0
3535496,761966,489,41,0
2849249,2276595,525,21,1
2633934,1540461,658,41,0
2068401,1300148,381,69,1
5602580,514396,791,42,0
5065314,2053500,796,43,1
4270912,1718775,578,22,1
3064887,658017,714,66,0
5494310,4353620,714,37,1
5227519,425937,312,60,1
4709533,2423980,611,26,1
3803427,263439,489,70,1
4418766,1947677,544,28,1
2275599,507076,776,66,1
1826885,208519,407,26,1
4406439,949307,601,37,1
4886971,2226622,567,38,1
5112647,3720135,843,57,0
5401463,2024595,473,24,0
3968720,2880232,550,22,1
3500353,2208981,830,27,0
2531937,954037,763,26,0
2991688,831233,793,19,0
2792332,1163624,464,41,1
2005843,495772,748,57,0
2255336,1440227,396,32,1
5891878,2025828,420,47,0
2769395,283617,547,31,0
5380022,2733765,769,40,1
3918202,2560397,790,59,1
3616740,916914,321,33,0
2635799,446025,731,65,0
5814580,3496127,757,66,1
4050989,1750874,511,57,1
1768412,1002378,773,47,1
1934322,1013623,729,22,1
5482567,669909,423,39,1
3576021,1987029,411,26,0
4467711,295626,582,41,0
3476559,1436435,339,61,1
2504013,751190,587,48,0
5272192,666733,321,36,1
1793047,923828,754,68,1
1564972,305813,302,67,1
2160592,699135,556,38,0
4561255,2053216,478,21,0
3859680,2839349,512,31,0
1743409,523214,327,29,0
1488892,1166233,570,20,1
1470066,487062,342,50,1
4786628,2423979,702,50,1
3700926,815618,626,40,1
5256130,2721871,321,64,1
5872530,4205470,505,52,1
1433723,1045228,646,29,1
3105251,1521465,531,21,1
5933267,2505773,529,46,1
4085971,579986,483,26,0
5102789,3157103,373,64,1
2151846,1415970,307,22,1
2576544,938581,640,68,1
2158815,589972,534,18,0
1521813,539906,353,56,1
2217113,625337,844,25,0
3540730,1139193,841,39,0
1379468,1095824,821,24,0
2822650,786025,723,63,0
4436781,2446169,618,23,0
2069405,1480270,366,41,0
3326852,831056,766,23,0
2617226,663227,482,66,1
1681973,754184,310,46,1
2554246,912552,512,54,0
5611236,3015118,332,20,1
2803578,873529,411,67,0
4195315,2151063,762,27,0
5524205,4034744,835,41,1
1677101,1234656,697,19,0
4511738,3291253,536,37,1
2043381,206102,453,66,0
2810464,1485178,379,19,1
1499167,1138683,715,30,1
5860181,3661874,559,26,1
1853214,358292,356,26,0
3839184,2466833,584,58,0
2204502,1466380,565,45,0
4699929,3582914,301,22,1
5134941,4015401,308,63,1
5343907,2268009,640,65,0
5703512,2112611,374,23,1
2033711,1111955,739,22,0
1705788,958749,637,34,1
5372860,1961961,358,38,0
2337467,1048763,844,61,0
5465134,3078516,610,63,1
3877493,1666172,680,25,0
4900397,3039210,656,51,1
3432839,1835641,513,35,1
2861498,753816,712,62,1
4225820,1045993,549,19,1
3207220,458200,671,68,0
4859039,858341,316,68,1
1953892,1314172,579,19,1
3000092,1249894,400,46,0
5302969,1107683,765,30,0
1569837,481886,660,55,1
4856298,2560000,825,63,0
3002924,535718,599,26,0
5141170,4028556,706,46,0
1523061,323689,433,33,0
3014737,215109,494,36,1
5663438,2478880,566,44,1
5035506,3957963,552,62,1
1548728,1189174,343,53,1
2166274,352080,765,60,0
3133503,2079549,665,64,1
3574081,684497,609,47,0
5223045,2746738,626,29,1
5890084,2763783,732,57,0
3479393,369070,811,46,0
3637324,2574679,513,45,0
5970028,1820879,842,55,0
5254887,260481,332,66,0
5539369,812819,341,44,0
2029455,346357,303,50,0
3794935,615664,808,21,0
2893239,2305874,509,22,1
3240841,1047379,312,26,0
2623914,441705,433,39,0
2660132,317239,327,61,0
4871929,3492715,619,50,0
4649058,1605247,658,24,1
1450971,918766,775,22,1
5350360,3475359,636,68,1
1353913,826624,490,18,1
4403679,2273197,782,56,1
4064619,1294208,703,28,0
5099629,1532962,785,38,1
4374255,2165154,433,47,1
1947388,633085,685,70,0
5465854,1206798,334,69,1
2896530,701176,692,48,0
5114339,2720686,827,37,0
4051838,201930,842,60,0
4695844,2547234,825,18,1
5819820,2154935,571,50,0
3285270,359868,564,40,0
2792369,2103916,367,25,0
4267626,929592,635,39,0
5441778,880204,498,57,0
5675380,3232620,346,37,0
5516626,676729,472,51,1
2708484,1614045,733,40,0
1383869,284278,739,25,0
2449808,1049968,637,54,0
4618254,2927970,384,44,0
3920375,310142,553,28,1
5382359,1827393,837,49,0
2998846,1258550,828,48,1
1695369,789352,630,25,0
1784656,908251,811,32,1
1641230,246218,642,65,0
3973000,1944845,603,37,0
4358986,2323160,785,19,1
5342614,3644181,461,19,0
4265089,600309,630,45,0
1737868,1264666,726,41,0
4231759,1367217,837,29,0
3600566,1160876,424,41,0
3772705,846666,573,22,1
5976415,1784070,378,54,0
3116961,1596629,473,26,0
2772349,1422795,606,18,1
3702716,2720942,715,66,1
4843392,3691390,335,47,1
3730707,1744798,678,57,1
5564955,1580935,457,27,0
1758556,1351025,339,46,1
2570360,1919702,474,43,1
4822109,1006959,834,50,0
1931939,860387,501,56,0
2916707,2198741,816,31,0
4803679,1078769,574,52,0
5432931,1115250,311,24,1
4482207,2383551,495,40,0
3341082,1229560,322,23,1
1457618,545449,738,61,0
1625086,831425,529,40,1
3398055,1705220,597,70,1
1760121,1146508,571,53,1
2835745,217423,453,38,0
3755532,2309584,755,23,1
1345600,530813,645,22,1
1609015,577928,516,30,1
5220719,2490100,586,20,1
2882699,2251148,565,21,1
5071703,3778036,345,69,0
4800698,2845709,366,45,1
2725166,1860492,572,56,1
5149415,3464240,690,24,0
5059049,1269543,389,21,0
3504910,1247756,690,25,1
2393375,588149,447,62,0
5126416,1053312,572,45,0
4893177,2665817,825,42,1
4343426,3170279,415,57,1
5887384,4244151,575,66,1
5497996,1610822,777,29,0
4409714,3068268,450,19,1
3023934,805002,372,67,1
3514028,600667,645,61,0
1698945,960331,713,53,0
4492051,405425,746,61,0
3516689,588211,837,59,0
3731194,2726302,769,33,0
3587959,398994,832,55,1
2374232,750304,594,68,1
3647323,711418,450,38,0
3179699,956068,420,46,0
2699192,686064,560,19,0
5118525,3208133,496,46,1
4343625,1694834,838,42,1
1660486,365784,794,47,1
4083431,675227,585,49,0
1798834,658862,327,27,1
3778613,2694346,564,44,0
1427425,431371,530,22,1
1665288,453790,732,65,0
5202807,3779300,600,52,1
1618328,1020947,732,24,0
4205345,3251019,366,68,1
5660734,1057776,511,70,1
3124607,1808791,562,31,0
4110022,242998,737,28,0
4256450,3361369,651,69,0
3233131,884671,690,58,0
3017400,1857946,807,39,1
5429393,4276873,517,29,1
5198423,1049973,587,41,1
1814252,932093,449,22,1
3129829,260484,658,57,0
3570909,1709341,304,70,1
2635975,1594825,328,48,1
5028953,3769716,682,36,0
4299225,791670,696,36,0
4834943,1406590,552,53,0
2652329,1984181,497,68,1
2947446,660633,553,59,0
4486323,1512069,603,68,0
4722335,2845969,734,28,0
3512729,2291801,573,40,0
2041430,1010716,844,46,0
3464094,1561213,716,18,1
1717491,1045807,765,52,1
3567681,673806,728,43,0
5160662,212205,434,66,1
4304806,2639340,675,60,0
2464816,639512,505,20,0
4861781,658496,490,24,0
2640054,365637,721,57,0
3972271,3048023,377,22,1
3426762,2230819,650,63,0
4885535,2487536,447,35,0
3155864,1804090,720,32,0
2748011,536423,433,59,1
1635658,1036492,601,29,1
5488253,3261248,849,58,0
5250528,2190701,391,30,0
5527121,3031441,476,38,1
5412222,2349816,780,24,0
5786168,3262614,625,43,1
3302366,2066376,616,54,1
4280715,965298,599,33,1
4253424,3120628,790,70,1
4962812,696048,346,63,1
5733515,4385064,500,42,1
2498210,807095,380,33,0
5929623,3737076,355,28,1
3785435,2105562,718,18,0
4778681,3654850,633,24,0
4963161,3379719,568,45,0
5549746,2506008,807,63,1
5384796,2156171,396,67,0
2500655,759381,641,55,0
1979196,373441,791,61,1
4221845,984850,470,24,0
5709946,1701284,427,49,0
2369369,1491112,542,31,0
1830348,1088352,584,41,1
2893245,1619035,426,53,1
4959839,2411688,846,57,1
4060413,675935,476,49,1
1335503,755045,595,20,1
3453286,1312754,544,56,1
3825262,2751709,831,21,0
3282341,2543972,630,42,0
5303467,2969280,422,44,1
2416277,985857,707,67,0
3118635,1904120,424,63,1
4225280,757787,604,52,0
2784819,1701389,733,22,1
2879701,1403376,504,38,0
1406269,807891,549,44,1
4099219,1746442,474,19,0
4801814,1968946,443,21,1
3170478,2011812,707,54,1
4997247,1842076,656,26,0
4460164,3453392,473,59,1
4833172,1912855,761,47,0
2543968,436697,587,43,0
3541647,980174,503,23,0
4626018,1388476,584,29,0
3228833,1124837,649,30,0
5117742,2067271,398,19,1
4506202,1078696,379,68,0
5430983,2513852,591,20,0
5061294,1293945,606,69,0
1309818,963668,455,34,1
2207295,319073,418,28,1
1623097,928475,514,34,1
3195810,1545293,482,27,0
3314803,2223347,701,27,1
4068797,290632,533,49,0
3660492,1817867,355,21,1
3374729,1720636,432,26,1
5055314,3862224,531,45,1
3929168,658670,398,59,0
5984964,3017924,590,22,0
4774355,3152604,301,69,1
1804679,1052254,765,63,1
4707388,2798475,820,67,1
2537986,1893933,487,56,1
1950756,1272543,739,60,1
2685410,1907588,382,33,1
3184278,587907,736,20,0
1412135,982257,657,57,1
3049541,1514162,622,21,1
1304094,404832,604,52,0
3009661,1034215,675,64,0
2811440,1900305,424,34,0
2926520,1814109,332,60,1
4471280,3247155,351,31,1
4323645,3129326,416,34,1
3350546,1927024,481,23,1
2731241,1304275,822,22,1
1357790,724612,362,52,1
2773739,1667997,741,19,0
5428777,2221804,713,52,1
3983340,1277251,688,66,0
4482365,1839403,612,47,1
1720901,571102,717,44,0
4516428,830276,447,37,0
1501271,1171463,635,38,0
1864176,1316339,801,65,0
5988711,4339291,738,59,0
5385688,3344139,684,66,0
5750238,3920349,705,42,1
5885272,2047485,353,67,1
4349994,1975934,354,69,1
5907898,1907852,464,43,0
4035884,2641461,753,36,1
1664384,1163546,649,51,1
2593565,732046,538,21,0
2854537,2200833,806,22,1
3985462,3076069,745,20,1
3764801,1800455,565,47,1
3143516,1371361,614,51,0
3968068,1985758,512,34,1
2658562,683830,506,69,0
2968099,548829,541,65,0
5152437,2408296,590,54,0
2640244,775093,485,32,0
5793205,2195708,762,54,1
5180321,1707082,438,48,0
4324562,1045549,548,48,0
3632387,2120497,724,62,0
3073589,712755,563,44,0
5692313,608935,359,45,0
3391532,1989224,435,28,1
2201096,824520,712,43,1
4034549,304218,558,18,0
1352761,319844,305,19,1
3838040,2827434,789,65,0
4891816,2510362,477,33,1
2409222,1435225,530,26,1
5280370,1613083,592,40,1
5024022,1898997,661,27,0
4000547,2405161,327,50,1
5048655,2565725,506,48,1
5339812,2063803,466,68,1
4930721,620924,709,67,1
4471271,894217,763,42,0
3671498,2678586,687,65,0
1677102,1341387,816,60,1
4557527,1093113,632,22,0
2760379,1664807,402,37,0
5293488,1281510,408,33,1
3511071,2394413,629,46,1
4056808,2864172,483,49,1
3025953,1169358,735,64,0
4537268,931267,538,61,1
4689915,387591,379,66,1
2364829,300320,421,62,0
1645665,1214148,755,22,1
4315809,3101468,606,22,1
5408036,1846513,428,34,1
4012739,2762966,582,59,1
2421754,1650743,391,58,0
2997649,1511273,634,53,1
3324539,1437352,527,65,1
1830597,340855,812,68,0
4090014,1284597,350,54,0
4223656,2934346,317,23,1
1661066,506672,309,24,1
2552780,1158021,630,42,1
5040584,410059,312,55,0
2637237,1121676,483,44,0
2894837,720529,820,25,0
5597784,561985,503,55,0
3553107,462652,621,36,0
2829280,1344343,318,37,0
2455256,1881564,654,48,0
1572118,365089,621,27,1
3845366,1873413,530,59,1
3334931,1330734,626,70,1
4985753,3439368,726,69,1
2585152,952051,777,35,0
4234502,2021530,672,68,0
4262281,1985038,443,62,0
3701506,200275,619,56,1
2333818,1639952,423,43,0
2492062,643280,396,23,0
5516741,1261831,376,64,0
3141372,607659,423,49,0
4267313,2563304,446,69,1
5861753,2730240,329,52,0
3139032,2302996,531,47,1
5083623,3745142,319,31,1
5267206,3602523,692,58,1
1473002,301915,346,49,1
4875582,600312,662,45,0
5009038,772440,564,49,1
3503087,1458456,552,54,0
3706437,1200880,839,49,0
2299269,586734,324,32,0
2488498,1440047,318,22,1
3426019,1412171,343,61,1
1829942,213854,467,55,1
2340179,624562,491,66,0
2784687,779238,645,36,0
5354253,2422672,611,68,0
1602379,375043,382,36,1
2667712,1029901,450,23,0
3625580,2849978,333,32,0
2634654,612626,642,58,0
4731035,2685110,511,45,1
3078913,2008476,558,33,1
4236974,481987,846,63,0
3657165,2069672,695,31,1
5847684,3449384,552,41,1
5797593,3200668,544,54,0
5213579,1400177,307,25,0
3311540,228883,648,58,0
2297135,1221516,821,36,1
2836134,1638806,341,45,1
5660428,3687130,731,53,1
3152836,442190,673,67,1
3650851,777984,663,56,0
3045387,735592,382,69,1
4907275,3382529,300,61,1
1328907,831442,716,38,0
1369946,490244,518,62,0
4956152,312813,669,30,0
1701736,252880,537,28,1
