Age,Daily_Social_Media_Hours,Daily_Screen_Time_Hours,Posts_Per_Week,Messages_Per_Day
19,4.7,6.3,7,33
52,2.8,4.9,3,31
50,2.0,3.6,5,25
44,3.2,5.7,3,40
39,3.3,4.8,13,33
24,1.5,2.7,2,30
47,1.9,4.3,3,7
58,4.4,7.6,9,28
32,2.3,4.8,6,12
42,6.1,9.2,35,80
31,4.5,7.3,5,97
52,4.7,6.1,15,54
58,7.8,9.8,32,167
21,5.9,7.5,32,111
31,2.6,4.2,5,15
49,1.6,3.9,3,9
33,2.3,3.9,5,23
55,3.7,5.2,7,85
21,5.1,6.5,8,74
42,3.6,7.1,19,52
18,7.7,9.5,46,156
59,1.5,2.6,1,19
64,2.6,3.6,4,29
24,2.5,3.6,5,21
27,3.6,5.0,19,20
49,2.6,5.9,12,50
54,2.7,3.4,3,31
52,2.3,3.1,3,35
34,4.1,6.6,9,89
62,5.8,8.1,35,116
46,5.5,7.6,33,62
32,4.3,5.3,4,49
20,2.5,3.1,1,13
31,4.1,6.9,18,51
44,5.8,7.5,39,105
47,5.1,6.2,6,27
39,4.9,6.2,9,44
26,3.8,5.5,10,29
53,2.8,5.4,20,21
33,5.7,8.4,25,170
21,3.0,4.0,15,53
47,6.1,9.3,47,144
27,3.1,4.6,4,94
21,4.7,5.8,18,84
51,5.6,9.5,17,168
56,0.9,3.1,3,8
54,6.0,9.0,17,113
54,4.1,7.4,9,60
43,1.1,2.9,3,15
22,5.0,8.1,48,72
31,1.8,2.6,2,33
33,1.5,2.3,6,22
57,5.5,8.5,19,21
53,3.4,6.1,7,53
24,2.3,3.1,2,24
39,1.2,3.0,2,21
21,2.8,4.9,11,25
26,2.1,3.1,5,19
45,4.2,5.5,7,89
41,2.0,2.8,1,6
20,5.2,6.7,10,33
53,5.2,7.2,7,50
29,8.5,10.1,33,160
60,8.5,12.0,29,80
24,6.5,8.1,42,88
47,1.5,3.6,6,12
60,1.2,2.4,6,7
35,6.4,9.2,46,102
25,8.5,10.7,49,93
56,1.7,3.7,2,18
50,2.8,6.0,9,52
45,0.8,3.2,4,26
65,4.7,6.2,16,28
39,7.5,10.7,19,152
50,6.2,8.7,37,149
26,1.2,3.0,3,26
29,4.3,6.1,20,20
31,3.8,6.2,13,79
61,3.1,5.3,8,30
60,2.1,3.3,6,35
61,6.2,9.7,21,63
48,2.0,4.0,3,18
54,5.8,9.0,43,111
59,2.2,4.5,6,29
45,5.9,9.4,45,119
33,2.6,3.3,1,30
51,5.5,8.0,17,98
50,6.7,10.5,40,174
48,1.7,3.7,6,25
51,1.8,2.8,3,7
33,3.3,5.1,20,30
32,1.6,2.4,1,7
39,4.1,6.1,9,73
55,5.3,6.3,15,81
40,1.4,2.7,6,18
65,4.1,6.6,10,82
45,1.8,3.1,5,26
64,5.7,8.4,20,139
43,4.3,7.0,5,74
47,1.2,2.2,2,11
39,4.8,6.7,16,52
48,5.1,7.9,34,88
59,2.6,3.7,10,45
57,5.6,7.4,19,132
47,7.8,11.2,22,137
65,4.7,7.6,8,59
19,2.7,4.4,3,17
30,5.3,8.5,27,73
37,5.1,7.6,6,92
40,7.1,10.3,16,124
18,5.0,8.1,6,75
58,8.6,11.2,21,115
51,2.7,3.7,6,34
48,3.9,7.0,11,61
23,6.1,8.7,41,132
42,3.5,5.7,13,43
40,4.9,6.8,11,91
30,1.0,2.9,3,22
62,6.9,10.2,40,161
36,1.2,3.1,2,26
48,4.2,6.1,20,62
47,3.3,4.9,6,44
65,4.1,7.0,8,44
48,1.4,3.1,6,21
24,5.0,6.7,14,42
63,4.1,5.8,4,90
26,2.1,4.1,0,32
36,1.7,3.1,1,35
48,1.0,1.6,3,7
61,2.7,4.1,12,30
25,7.2,9.7,50,161
51,3.6,6.9,12,95
37,7.3,9.0,18,157
31,1.3,2.0,1,10
28,2.5,4.6,18,57
36,2.2,4.1,3,7
34,4.9,7.5,9,74
32,2.1,4.4,6,9
28,2.4,4.1,6,23
46,5.5,8.7,37,180
52,1.8,2.5,0,33
38,4.3,5.4,10,93
19,5.5,8.2,11,93
29,1.7,3.5,2,10
45,7.5,10.2,17,120
39,3.5,4.8,8,62
49,3.4,6.8,20,24
38,3.3,4.6,15,85
18,7.6,10.5,38,66
41,2.0,3.5,3,29
35,1.9,4.3,3,33
25,2.6,5.2,10,40
18,4.2,5.4,6,79
59,8.3,11.0,30,125
44,5.0,8.5,10,78
42,3.1,5.6,7,28
44,1.5,3.6,2,31
64,1.4,3.1,5,20
46,7.2,9.6,47,157
47,5.3,8.5,10,93
44,2.6,5.5,15,69
59,8.9,11.6,14,76
55,3.5,4.8,17,32
47,2.5,3.9,7,29
34,3.5,6.2,5,62
52,6.5,8.8,43,171
57,2.7,5.3,12,49
45,5.4,8.3,6,76
37,2.6,3.2,6,6
41,1.7,2.7,3,23
29,3.0,4.2,15,99
49,5.2,6.6,17,52
60,2.5,5.5,12,89
46,2.7,5.2,2,25
62,6.0,9.6,24,109
24,5.9,8.8,48,97
36,5.1,8.7,37,95
61,2.4,4.8,4,28
36,4.8,6.4,14,48
57,3.3,6.2,7,100
58,2.1,3.2,3,6
64,2.9,6.2,13,73
26,2.4,4.7,2,21
35,5.0,6.6,18,57
39,4.9,7.1,5,38
32,8.4,11.7,37,168
41,5.4,7.9,28,128
41,2.1,3.9,4,17
41,5.4,7.5,13,139
53,6.3,9.3,16,141
62,6.2,8.7,20,65
37,9.0,10.8,27,173
42,3.9,6.6,20,73
64,3.0,5.0,6,82
35,2.6,4.5,17,76
41,5.4,8.6,46,175
40,5.2,7.4,19,168
23,7.7,10.8,50,62
39,1.3,2.1,4,11
53,1.2,2.1,6,12
27,4.9,7.4,11,38
52,6.0,7.9,13,76
33,2.0,2.5,2,6
44,1.9,3.9,3,19
50,7.4,10.0,26,138
60,1.8,3.2,0,6
43,6.7,8.5,40,69
38,7.4,9.1,29,139
53,4.6,6.6,19,57
56,3.8,6.8,6,90
31,3.8,7.0,16,63
43,6.7,8.4,39,100
41,5.4,8.1,18,28
23,1.0,1.7,5,16
53,5.2,9.1,47,102
44,3.6,6.3,16,26
56,6.2,8.0,44,87
48,1.2,1.9,6,22
35,4.2,7.2,20,99
59,4.2,6.7,11,23
62,2.3,4.6,2,5
27,1.9,3.2,1,28
19,2.8,5.1,15,73
28,3.6,6.4,5,26
57,0.9,1.6,3,26
56,3.8,5.5,19,34
25,3.3,6.0,18,87
20,3.2,6.7,4,20
31,2.3,4.3,2,15
49,2.3,3.2,3,22
50,4.2,6.9,14,29
65,2.6,3.6,5,60
54,3.7,6.3,12,34
38,3.0,6.4,17,66
24,1.3,3.0,4,7
37,4.7,6.3,8,29
25,4.1,5.6,14,64
59,4.9,6.5,7,52
56,1.1,3.1,0,10
58,7.0,10.4,49,117
54,4.4,7.9,13,100
46,2.7,4.8,12,55
40,4.0,5.8,17,24
36,1.0,3.2,6,7
50,3.7,6.2,4,77
54,7.6,9.9,42,124
21,1.7,3.8,6,15
23,7.0,8.9,27,150
46,4.1,6.6,14,67
42,6.6,8.9,50,66
59,6.3,8.6,47,146
34,4.7,7.3,7,62
60,1.1,2.3,5,27
26,4.3,7.6,12,91
39,4.9,7.6,19,31
45,4.0,5.0,12,43
39,8.8,11.5,26,77
36,2.5,3.2,6,22
51,5.2,7.5,20,136
28,3.0,5.7,8,76
41,2.2,3.2,3,24
65,2.4,3.4,1,14
48,8.6,10.6,48,116
36,4.8,7.1,16,40
56,5.6,7.7,42,171
24,4.6,6.9,6,56
28,1.3,3.6,1,31
32,5.0,8.2,3,73
50,1.5,2.8,0,16
38,2.7,4.9,5,15
26,5.2,9.0,42,149
63,6.9,9.9,17,62
27,1.9,3.9,4,18
36,1.3,2.0,1,18
57,3.9,5.2,18,96
58,4.0,5.6,7,57
57,3.6,6.0,8,30
41,2.7,5.0,19,84
42,5.1,6.2,15,67
19,1.5,2.1,1,28
24,4.8,7.6,13,37
52,1.5,3.3,6,29
62,3.9,5.4,7,28
47,2.6,4.1,9,25
37,4.0,7.5,20,80
59,1.2,2.4,6,6
39,6.1,9.6,39,173
46,5.2,7.2,8,83
41,5.3,7.6,5,74
56,2.8,3.7,2,15
38,2.1,3.2,4,27
62,3.8,5.9,14,98
35,7.6,11.1,15,69
43,3.6,6.6,8,23
56,2.2,3.6,1,7
59,1.5,2.8,4,6
61,3.8,5.7,17,29
51,3.6,5.4,11,51
19,7.9,10.6,36,176
34,4.8,7.6,9,98
49,1.2,2.0,0,19
63,1.7,2.4,5,35
38,7.7,11.0,47,129
37,2.5,4.4,5,25
41,1.8,2.5,1,30
49,0.9,2.5,2,19
53,5.5,9.2,16,99
63,4.7,7.0,16,93
38,2.1,3.5,5,21
53,4.4,5.9,7,75
21,5.0,7.3,12,41
63,1.3,3.7,4,33
23,1.3,3.1,4,13
37,2.0,2.7,5,10
55,3.0,5.6,13,92
19,1.0,3.4,6,23
31,2.3,3.6,5,5
58,4.1,6.7,12,81
61,1.6,3.0,5,6
44,1.8,2.7,4,9
63,3.5,7.0,14,71
41,1.8,2.5,1,19
46,1.3,2.0,2,35
57,3.8,7.2,8,61
64,6.3,9.7,43,125
37,4.0,5.2,15,84
33,3.1,5.0,4,56
59,4.5,6.2,3,33
34,4.7,7.6,14,25
54,4.2,6.1,12,29
46,4.8,6.5,6,36
43,6.5,10.5,47,180
27,3.1,5.4,19,25
26,2.2,4.3,4,19
50,1.1,3.5,2,10
57,4.7,6.4,13,84
52,7.0,9.9,42,164
39,2.1,4.6,4,14
64,8.5,11.6,50,120
59,2.4,4.5,4,12
55,3.9,6.2,15,38
33,5.1,9.0,19,84
38,1.6,2.9,1,18
57,5.3,8.5,4,37
53,3.5,6.2,19,68
29,3.9,6.2,20,65
64,4.5,7.5,11,98
33,3.3,5.0,12,56
62,4.6,6.4,14,91
64,6.1,7.9,46,108
43,8.3,12.2,21,97
63,1.0,3.3,5,13
31,3.1,5.4,20,54
57,2.3,3.3,0,26
32,7.6,9.2,38,102
24,4.5,5.8,20,40
48,3.9,5.4,12,61
21,2.6,3.3,4,12
64,5.1,6.2,8,73
29,8.7,10.3,37,160
65,5.4,8.7,4,21
56,1.0,3.5,2,19
52,7.1,10.8,20,168
35,3.1,4.4,8,78
63,3.1,5.9,12,92
30,3.0,6.1,15,74
23,3.7,4.9,7,81
33,2.5,4.5,17,54
37,7.3,10.2,28,143
33,2.7,4.0,12,40
50,5.3,8.5,12,35
36,3.6,5.2,7,81
65,2.8,4.0,5,22
52,8.2,11.8,27,147
23,7.1,9.9,35,69
25,5.2,8.1,44,85
27,3.0,6.1,17,34
63,4.2,5.4,19,77
47,5.5,8.0,48,67
61,4.9,7.7,15,52
65,5.9,7.6,39,104
52,5.5,8.8,5,80
44,1.2,2.0,5,28
44,3.6,6.8,17,68
61,5.4,8.6,7,64
52,1.6,2.4,1,31
19,2.8,4.2,5,22
42,5.0,6.6,14,39
64,2.3,2.9,5,18
19,3.2,4.4,4,77
63,5.1,6.7,4,71
52,3.2,6.4,4,37
36,3.2,6.5,13,93
61,5.0,6.6,7,86
37,1.4,3.0,4,33
29,4.4,6.5,18,26
59,7.7,11.2,32,149
27,3.4,4.9,20,80
32,1.4,3.3,6,19
53,6.7,9.2,45,77
34,3.1,5.7,17,67
64,2.5,3.1,3,26
20,5.1,6.6,20,47
39,3.4,6.7,9,44
25,8.0,11.4,27,149
31,3.7,5.3,13,56
52,4.4,6.2,14,85
47,5.4,9.4,42,157
31,6.5,9.0,48,170
27,0.8,2.4,4,23
36,3.0,4.8,15,92
49,7.2,11.1,33,92
49,8.9,12.0,43,118
40,1.1,3.0,3,10
52,9.0,12.9,45,64
22,8.8,12.0,12,112
58,1.3,3.2,0,11
41,2.7,5.3,18,82
52,1.9,2.4,4,28
36,0.8,2.9,5,18
29,5.4,7.1,21,90
51,1.3,2.5,6,17
43,1.7,2.7,5,12
23,2.1,4.3,6,6
42,1.6,3.1,5,5
23,4.0,6.1,13,92
24,8.6,12.4,26,87
62,8.6,11.3,14,178
35,2.6,4.2,0,10
38,5.1,7.1,21,156
43,8.7,10.9,48,90
42,4.5,6.9,15,37
62,7.9,10.7,34,66
32,2.5,3.7,6,24
43,8.9,11.2,29,160
49,5.9,8.8,36,115
55,2.1,2.8,4,14
63,5.3,7.5,36,151
27,8.0,10.3,18,71
37,1.7,3.7,0,9
45,1.7,3.3,3,8
40,1.9,3.6,6,15
18,6.2,8.7,17,152
33,7.3,9.2,36,81
37,1.3,2.1,1,18
37,1.8,2.5,2,35
58,1.8,3.5,3,8
18,2.7,3.9,4,17
39,6.8,9.4,50,77
56,5.3,6.8,13,42
38,6.2,9.4,43,133
38,6.5,10.0,37,106
54,1.2,3.7,1,26
19,8.8,11.5,25,116
62,5.3,8.9,38,146
58,3.4,5.0,7,74
22,6.8,9.8,49,111
62,3.8,4.9,14,88
23,2.8,4.4,14,41
20,4.2,6.8,15,62
45,5.4,7.1,26,125
53,4.2,6.6,17,67
61,4.3,6.6,14,23
36,3.7,7.1,6,38
39,3.9,5.4,18,64
46,4.7,6.8,5,58
63,1.0,3.2,5,8
28,5.3,8.2,19,42
39,4.2,7.6,10,71
29,4.4,6.5,3,98
46,7.4,9.9,25,86
63,2.4,3.0,0,30
29,6.5,8.5,19,93
49,4.1,6.7,15,98
25,3.5,6.6,8,58
55,5.3,7.1,19,90
29,3.6,5.0,15,73
54,3.7,5.2,20,42
49,3.4,4.9,17,99
40,2.7,4.2,1,31
53,4.0,6.2,18,73
46,4.0,5.2,3,48
35,1.2,2.3,6,19
49,4.1,5.4,6,54
41,7.2,10.6,40,129
45,1.0,3.2,6,12
20,1.7,2.9,6,7
25,4.8,6.4,14,98
28,4.3,7.3,9,27
52,3.3,5.6,13,57
35,2.7,4.2,5,31
44,2.6,5.1,6,25
26,1.3,3.2,6,12
61,6.6,8.5,29,140
46,2.7,5.7,5,71
35,4.6,7.8,17,82
18,5.1,8.2,5,78
62,3.6,4.8,20,70
45,2.4,3.9,2,31
53,2.0,3.6,3,30
61,4.8,5.9,17,22
28,1.7,2.2,3,11
26,8.5,10.8,29,71
34,2.7,5.4,8,26
37,4.7,7.6,16,31
18,3.1,4.3,10,86
18,2.5,4.4,6,74
48,2.7,4.7,6,33
37,2.9,5.8,7,38
54,0.8,2.6,3,16
58,4.7,8.0,17,47
24,1.1,1.8,5,17
45,3.4,4.7,11,30
56,2.0,3.7,6,35
60,5.1,6.6,19,44
36,4.4,7.4,10,83
33,4.0,6.5,19,21
38,5.5,9.2,48,113
61,3.0,5.2,5,22
18,3.3,4.4,4,70
58,4.6,7.5,16,71
52,1.9,2.7,0,14
31,2.7,3.5,2,17
59,4.5,5.7,16,50
23,2.6,3.3,4,24
60,2.3,4.3,0,5
62,2.5,4.7,14,86
64,3.3,5.2,11,35
19,6.3,8.9,45,68
54,2.1,3.6,4,16
54,1.1,1.9,6,8
61,7.9,10.0,44,60
18,1.3,2.7,3,34
20,1.9,4.2,5,25
38,3.2,6.5,13,54
54,6.5,9.3,15,82
51,2.8,5.2,0,33
36,4.8,6.6,5,90
41,3.1,5.5,12,99
41,2.0,3.5,6,29
52,2.3,3.3,0,34
32,4.1,6.7,3,62
60,1.6,3.6,2,8
33,1.6,4.0,1,27
20,2.6,4.9,4,18
41,3.9,6.8,6,84
43,0.9,2.5,3,26
33,6.2,9.8,37,149
38,6.3,8.5,16,180
55,1.0,1.7,3,19
25,4.1,7.5,9,77
34,5.1,6.3,12,97
38,1.1,3.0,2,17
61,3.4,6.5,8,23
46,7.2,10.1,18,119
26,1.0,1.6,6,12
43,1.5,3.3,5,7
34,5.3,6.5,5,45
46,8.2,9.9,33,75
47,0.9,3.2,3,31
49,2.6,5.3,8,65
29,1.3,2.7,1,6
57,3.2,4.9,16,90
23,3.3,4.6,9,87
52,2.4,4.9,6,27
52,4.8,6.7,19,61
29,2.6,5.1,3,55
48,1.9,3.9,1,10
60,1.3,2.9,6,34
32,4.2,7.7,15,65
29,5.7,8.7,34,176
63,4.6,8.0,7,92
49,7.2,9.1,14,71
56,1.2,2.8,0,15
30,8.2,10.6,23,177
38,5.2,7.1,21,159
51,2.5,4.9,2,27
43,7.3,9.6,32,77
64,8.8,12.3,43,143
63,5.4,8.1,14,48
29,3.6,6.4,12,36
18,2.7,5.1,3,32
54,5.1,8.1,26,141
49,2.9,5.8,10,64
28,7.5,11.4,33,117
31,1.3,1.9,2,30
18,0.9,2.3,3,10
49,8.5,10.9,36,72
54,7.6,10.8,22,117
20,1.4,2.5,0,7
42,3.0,4.2,5,63
57,5.2,8.0,16,41
45,3.0,4.3,9,44
53,4.7,7.5,11,56
24,0.9,2.5,6,20
41,0.8,1.5,6,26
48,3.1,4.2,8,57
48,8.4,10.7,37,120
60,3.3,5.9,15,43
42,3.6,5.7,11,76
32,5.0,7.4,7,32
40,2.4,3.7,6,23
21,2.5,4.6,3,35
48,4.2,5.8,12,30
63,2.6,5.0,19,93
57,2.9,6.3,17,42
28,8.9,12.4,20,65
61,3.8,7.3,7,96
64,2.6,3.2,3,22
38,5.1,7.4,3,99
44,2.8,4.2,6,33
24,4.9,8.1,14,72
59,1.8,3.5,0,10
27,2.0,3.9,3,6
39,4.6,5.7,18,54
19,6.4,9.9,31,95
62,7.7,11.6,26,77
65,3.8,6.9,11,73
23,3.1,4.6,16,82
41,8.3,11.1,22,68
50,3.7,6.7,19,92
30,2.6,3.5,0,12
21,2.6,4.5,2,16
50,6.6,10.4,13,90
56,3.8,7.2,18,95
40,3.0,6.2,5,56
21,1.1,2.7,1,32
32,2.2,3.2,3,21
61,0.8,3.1,5,10
18,3.2,5.7,12,55
42,5.1,7.2,9,79
51,5.0,7.0,6,20
60,5.4,8.5,20,96
37,4.6,6.8,13,55
35,3.3,6.1,12,44
33,2.6,4.7,6,30
60,3.5,4.8,3,83
34,8.6,11.1,14,134
54,4.9,6.8,10,88
48,5.2,7.9,19,58
60,8.5,10.5,18,120
34,2.3,3.9,1,35
39,4.5,6.1,10,59
39,3.6,6.1,17,35
58,4.3,7.7,5,80
50,5.5,8.7,45,98
27,2.9,4.4,16,92
47,5.6,9.3,23,159
39,2.1,3.0,5,6
35,1.2,3.2,4,29
23,1.1,2.5,3,17
48,3.6,4.7,9,67
38,8.0,10.8,13,146
64,1.3,3.2,2,14
42,1.8,2.9,0,31
36,1.7,3.2,4,15
61,5.5,7.4,18,65
28,8.8,12.6,37,62
64,2.8,3.7,0,23
25,3.6,6.2,4,68
34,8.1,11.2,50,66
59,5.0,6.1,6,73
25,4.1,6.3,7,46
58,2.5,4.6,6,86
56,2.2,3.5,0,21
25,3.3,6.3,18,45
34,5.0,8.4,14,72
20,1.9,4.2,5,34
33,2.5,5.2,6,93
27,5.3,8.2,5,32
59,5.9,9.9,30,93
24,4.9,8.1,12,66
38,6.7,8.5,14,61
60,7.6,9.9,40,139
64,1.0,3.1,1,8
47,3.3,5.3,18,73
28,2.8,5.5,4,40
55,1.8,3.4,3,10
40,4.3,7.5,7,81
25,8.6,11.2,16,93
18,4.6,7.3,10,63
62,4.6,5.8,10,81
61,4.4,5.8,20,98
59,2.7,4.2,3,32
28,2.7,4.9,10,62
21,7.0,9.9,36,111
23,6.8,10.3,40,71
46,6.3,10.3,13,73
20,4.2,5.2,5,97
58,6.2,9.0,25,143
39,3.6,4.7,10,78
57,4.3,7.1,14,77
60,1.2,2.4,6,25
36,7.2,9.6,18,65
49,5.6,8.9,38,73
30,1.2,3.6,3,11
30,4.7,6.0,16,25
61,7.4,10.8,40,118
50,2.9,5.1,19,26
45,5.0,7.2,19,42
29,4.7,6.0,15,96
38,4.0,6.0,10,55
39,5.4,7.5,7,37
62,5.2,7.5,20,60
53,4.4,5.9,12,64
26,8.9,12.0,23,124
58,3.5,4.8,14,91
54,5.3,8.1,20,56
45,8.2,11.0,13,108
60,0.9,1.9,6,10
61,6.0,9.6,30,86
20,6.4,9.0,47,170
59,1.9,2.9,6,30
36,7.8,9.4,36,109
61,3.4,5.8,3,52
46,2.5,4.8,5,27
55,4.1,6.6,9,57
61,2.7,6.1,19,35
45,3.3,5.0,8,94
18,6.3,9.6,21,65
38,2.0,4.0,5,24
37,7.0,9.9,34,69
38,7.1,11.0,45,68
28,6.7,9.5,17,104
31,2.1,3.3,2,11
57,7.1,11.1,12,74
46,3.2,5.8,10,25
38,3.6,6.6,6,69
64,1.4,3.7,6,29
50,3.8,4.9,9,61
24,3.0,6.4,20,88
22,1.2,3.0,1,32
24,3.1,6.2,16,29
27,2.6,5.4,4,31
29,2.4,4.0,4,31
34,1.6,3.0,3,18
42,4.5,6.8,5,94
22,1.5,3.0,2,30
56,2.8,5.7,17,68
60,2.6,4.0,10,37
52,3.4,6.0,12,67
18,7.2,10.1,19,65
56,1.6,3.2,0,14
65,2.6,3.8,3,33
50,2.9,4.4,11,44
60,2.4,4.6,6,29
53,6.8,9.7,30,145
24,1.2,2.9,2,16
59,1.3,2.4,0,33
49,1.7,3.4,2,27
54,4.2,7.2,16,41
33,2.4,4.3,5,18
41,1.1,3.1,3,19
37,4.0,5.3,5,55
26,8.6,10.6,16,153
19,2.5,4.3,6,23
55,3.1,4.2,11,89
52,6.9,10.3,35,110
55,2.3,3.4,3,21
43,3.6,4.6,10,98
50,2.9,4.3,7,81
20,5.9,8.6,16,93
20,4.5,6.8,14,69
47,5.1,6.2,13,33
51,4.4,6.1,11,94
29,3.6,5.5,5,86
32,1.8,3.0,6,16
48,5.2,6.2,7,76
22,1.8,2.9,1,10
56,2.2,2.9,1,18
64,5.5,8.7,42,86
59,5.0,6.1,4,36
28,2.9,5.2,7,27
29,1.8,3.1,4,25
64,2.3,4.4,0,11
48,5.1,6.5,16,96
55,2.4,3.3,5,21
64,2.2,4.5,4,23
42,1.6,2.3,1,21
50,7.7,11.3,50,72
57,2.0,4.3,4,21
23,6.9,8.7,50,129
61,7.6,10.4,35,171
51,1.7,4.1,3,30
40,7.4,10.8,48,72
34,3.9,5.5,5,56
52,3.7,5.2,3,93
51,2.5,5.1,13,72
27,3.8,6.3,11,88
41,4.3,7.8,15,46
53,3.9,5.8,20,81
37,2.0,4.0,3,28
60,1.0,2.0,6,27
24,5.9,8.4,33,162
62,4.6,5.7,15,20
27,6.9,9.9,17,68
41,1.0,1.6,3,34
57,7.6,9.8,50,67
29,7.6,10.2,24,168
51,3.4,4.5,19,86
57,3.0,4.1,10,20
23,9.0,12.4,34,145
55,3.1,4.1,5,31
64,5.0,8.3,14,64
35,5.9,9.8,41,179
18,3.3,5.3,6,91
36,1.5,2.2,4,35
52,2.4,4.0,5,19
54,6.9,9.0,33,159
47,5.2,8.4,18,34
42,2.1,4.6,5,27
38,1.6,2.8,4,5
34,3.2,4.4,13,29
29,3.9,5.8,11,43
61,8.7,10.7,24,90
34,3.1,4.6,10,99
24,2.9,4.1,18,98
52,2.7,4.9,2,24
54,5.1,7.3,19,55
54,2.9,5.2,16,81
20,7.0,9.5,23,118
62,7.1,9.4,12,61
42,4.2,6.0,11,43
33,3.3,6.7,13,66
45,1.2,3.1,2,16
35,6.8,9.7,48,147
24,2.2,4.3,4,18
30,5.6,9.5,21,120
29,6.7,8.5,45,128
49,3.4,5.8,4,70
28,0.9,3.0,3,31
46,4.7,6.3,14,91
34,3.5,5.5,14,97
54,2.1,3.7,6,14
61,4.0,6.9,17,30
36,3.9,7.3,8,63
57,4.2,7.3,5,30
32,1.4,3.2,5,13
43,3.3,5.4,14,95
46,3.7,5.2,3,36
60,3.3,6.2,5,46
24,1.0,3.4,3,22
43,1.8,4.3,0,13
23,4.5,7.7,12,49
36,1.7,2.5,4,31
20,2.1,4.3,2,32
52,5.3,7.7,7,89
56,1.7,3.7,4,18
58,4.1,7.4,18,89
23,1.7,2.9,2,9
18,4.1,7.0,7,64
52,0.8,3.1,6,20
45,2.4,4.1,6,5
30,3.7,6.1,15,51
65,2.1,4.3,1,13
58,1.3,3.3,4,30
35,3.4,6.3,11,72
22,1.2,2.3,5,19
35,4.6,6.8,13,22
52,0.8,3.2,2,13
46,2.3,3.3,1,5
39,3.8,6.8,18,67
20,3.5,6.6,7,27
43,0.9,2.3,1,33
42,8.3,10.1,27,109
46,6.0,10.0,24,118
24,4.1,7.6,18,69
37,5.3,6.7,4,90
34,3.9,5.6,14,26
31,8.9,11.0,39,101
35,2.0,3.3,1,5
55,8.1,10.8,50,79
23,3.2,5.4,13,100
40,2.1,4.0,6,8
32,1.4,3.0,5,29
46,4.7,5.8,15,65
34,5.2,7.4,17,91
62,1.8,3.4,4,16
47,3.3,6.4,20,40
27,1.7,3.8,4,16
58,4.0,6.8,3,99
57,6.0,9.3,46,164
51,4.5,7.4,7,98
44,2.1,2.8,4,26
26,1.2,1.8,0,20
20,1.9,4.1,5,20
62,4.3,5.4,10,97
18,5.3,6.8,18,30
58,2.7,5.1,16,67
21,8.3,10.5,14,153
37,1.0,1.9,4,8
32,1.9,2.8,4,26
58,2.7,4.3,4,18
58,4.2,6.9,16,33
29,1.9,3.4,5,10
56,3.8,5.7,13,90
38,8.4,10.9,39,165
56,3.2,5.6,15,90
34,6.4,9.0,37,60
36,4.3,6.6,12,20
32,3.1,4.9,11,90
54,5.3,6.7,4,78
26,3.3,6.5,10,49
37,1.0,2.3,1,28
38,2.4,3.2,6,33
54,5.0,6.2,12,24
54,3.6,6.6,13,64
45,6.7,10.4,26,155
56,5.3,7.9,15,26
20,3.5,5.9,13,84
27,2.7,5.5,15,77
54,7.0,9.1,30,160
26,3.5,5.7,4,90
23,3.7,5.8,7,37
30,4.0,6.6,9,91
65,4.1,5.7,11,75
54,2.8,5.5,16,66
38,3.5,6.1,12,41
57,8.3,11.8,21,116
32,1.2,2.4,6,28
25,8.0,10.1,21,171
36,5.1,8.3,19,99
19,3.5,6.4,9,46
34,4.1,6.7,7,22
60,4.1,5.7,4,56
62,2.0,2.6,5,35
42,2.1,3.9,5,16
19,6.2,9.9,36,89
50,8.9,10.6,32,122
52,5.4,7.4,41,131
19,5.2,9.0,31,102
65,3.0,4.9,14,65
33,5.5,8.9,11,27
42,5.2,8.2,3,91
32,5.6,9.3,20,71
51,5.4,7.9,10,73
27,1.7,2.8,4,15
26,3.1,4.4,20,45
37,7.8,11.5,20,115
27,7.6,10.5,22,100
52,2.7,3.4,2,31
64,5.1,7.4,38,112
65,5.3,8.5,11,39
24,5.5,7.1,29,137
32,4.3,5.9,3,65
48,1.1,3.3,3,27
29,5.1,7.3,7,40
20,1.6,4.0,2,35
65,4.5,6.0,9,28
46,2.5,4.0,2,32
33,3.8,6.7,15,60
65,4.2,6.5,4,86
47,2.5,3.1,1,21
65,2.6,4.6,4,44
43,2.6,4.6,2,19
36,2.0,2.6,4,33
59,1.7,3.6,0,10
62,7.2,9.7,32,117
47,2.0,3.9,1,33
34,3.5,6.1,8,35
63,1.7,2.9,4,27
50,4.3,5.7,20,68
28,2.6,4.2,5,32
27,1.2,3.1,3,14
46,3.4,4.9,7,45
34,0.8,2.3,3,22
56,8.5,10.6,49,144
44,3.8,6.3,3,51
35,7.5,10.4,25,66
21,2.1,2.7,6,6
56,3.4,6.7,4,33
29,3.0,4.7,20,42
65,7.3,11.1,17,158
41,2.6,4.7,6,18
22,6.2,8.0,29,102
51,3.1,4.6,4,33
58,4.1,5.3,12,74
38,3.3,5.7,14,36
49,4.1,6.7,18,43
32,7.8,11.7,12,75
58,2.4,4.4,1,30
44,3.7,5.5,20,47
30,2.2,3.2,0,14
53,3.5,4.5,13,63
54,4.3,5.4,8,44
39,5.3,7.5,18,24
48,3.0,5.2,20,62
44,5.3,6.4,19,58
61,3.4,5.7,9,93
40,2.7,4.1,3,63
58,7.1,9.0,50,109
25,2.5,4.5,5,32
20,3.3,4.5,10,67
37,3.1,4.9,6,67
30,8.7,11.3,13,162
50,3.0,4.9,18,87
38,2.9,6.1,19,36
20,1.7,3.6,4,8
20,2.2,3.9,0,15
20,2.8,5.7,12,22
37,4.4,5.9,9,44
52,1.4,2.8,0,13
35,1.0,3.4,4,21
52,1.5,2.6,1,35
36,4.2,5.6,12,98
52,6.8,8.6,42,175
24,3.7,4.9,15,42
55,4.4,7.1,17,98
39,5.0,7.8,20,30
47,7.3,9.0,41,72
61,4.4,7.3,18,49
27,8.4,11.4,35,110
60,1.5,3.7,2,19
22,3.9,5.8,17,41
40,2.0,2.8,0,17
24,6.3,9.4,31,128
55,3.7,6.3,20,40
42,5.3,7.3,49,115
45,7.3,9.7,27,82
22,4.7,7.5,18,34
47,3.5,4.7,17,42
43,2.7,4.0,15,61
60,2.7,4.2,7,94
58,8.2,11.6,21,117
42,4.3,6.4,9,60
61,1.4,3.8,3,27
40,9.0,12.0,44,111
36,5.2,9.0,15,60
40,2.8,4.5,3,50
55,3.7,5.5,15,71
52,3.1,4.5,7,44
41,5.0,6.4,7,37
59,0.8,2.7,3,26
26,2.8,5.4,16,78
62,7.4,10.0,23,118
53,5.0,7.0,10,43
18,4.2,7.3,10,84
52,2.0,2.6,0,23
41,2.8,5.0,5,38
51,5.5,9.0,11,79
51,5.2,6.4,18,100
60,2.7,5.3,12,98
39,1.9,2.4,3,21
54,7.9,10.5,30,97
62,2.6,4.6,5,30
21,4.4,6.8,4,57
57,5.1,7.8,20,124
35,1.3,3.0,2,32
65,1.0,1.8,4,28
46,1.5,2.4,6,27
29,2.4,4.6,2,7
56,8.7,10.6,43,156
42,6.0,8.6,22,86
40,2.7,4.4,6,26
43,1.8,3.3,6,34
42,4.6,6.6,11,38
45,2.5,5.8,17,68
51,4.5,5.6,20,65
45,7.4,10.5,29,102
24,1.3,3.0,3,29
33,4.7,7.2,9,86
62,5.5,7.3,3,21
18,6.6,9.4,40,104
36,1.3,1.9,4,7
56,2.1,4.3,4,25
25,1.0,2.7,3,26
59,7.3,11.2,19,149
36,1.7,4.1,5,19
35,8.1,11.3,32,92
22,1.4,2.0,3,15
34,8.8,11.0,40,68
30,4.3,5.7,18,33
45,1.2,3.0,3,27
20,0.9,2.5,2,29
49,2.9,5.5,4,69
62,1.5,2.8,0,21
49,3.9,5.9,5,89
42,2.7,4.8,3,8
40,3.5,5.3,4,100
59,5.4,8.2,33,70
36,7.6,9.5,14,109
37,4.6,7.8,14,82
58,1.7,2.6,0,11
55,1.3,2.6,6,22
49,4.1,7.2,17,22
21,1.5,3.4,3,8
59,2.1,3.5,5,32
27,8.0,10.1,16,64
49,4.5,6.7,4,51
26,2.5,5.1,12,32
28,5.0,6.2,6,34
57,3.2,6.2,16,63
65,7.7,10.0,48,129
31,2.3,4.0,2,7
27,2.3,3.1,2,22
33,2.7,3.3,0,30
57,6.5,8.4,43,70
29,2.7,4.6,4,33
62,2.4,4.4,5,9
58,1.3,2.7,1,35
62,0.9,1.8,3,24
58,8.3,10.6,38,60
30,2.9,5.2,6,99
52,4.0,6.2,9,55
25,2.4,4.3,3,20
60,2.6,3.2,2,14
34,1.5,3.6,6,19
65,0.9,2.5,1,30
50,1.0,3.3,5,19
38,3.8,6.7,13,49
38,5.9,8.0,38,171
32,0.9,2.6,0,33
31,5.3,7.4,15,67
64,1.2,2.4,2,11
20,4.6,5.7,7,34
47,6.7,10.1,26,173
28,2.4,4.2,4,33
53,2.5,3.2,6,21
31,4.3,7.4,11,21
65,5.1,6.7,16,94
55,2.7,5.0,0,18
20,9.0,12.3,44,64
43,3.9,6.9,6,77
23,4.2,5.2,16,47
36,1.3,3.8,0,20
28,4.6,7.7,3,78
26,5.1,7.1,14,100
58,2.5,5.1,15,62
36,3.8,5.5,20,93
61,5.3,9.0,15,125
61,6.5,8.1,36,106
20,3.6,5.0,20,28
31,2.9,4.7,20,34
65,5.3,7.8,9,48
35,4.0,6.1,4,28
46,4.0,6.3,6,80
61,5.0,8.2,17,99
61,5.3,8.3,5,44
47,5.3,7.8,23,96
22,5.4,7.6,21,123
31,1.8,3.6,2,18
52,8.7,11.4,38,116
19,3.4,4.6,10,86
44,4.2,6.8,13,82
62,4.1,6.5,17,58
37,3.0,4.7,18,67
21,5.6,7.8,22,139
63,7.1,9.1,23,167
60,4.9,6.3,6,25
54,5.5,7.7,23,86
20,4.5,7.9,7,67
28,4.1,5.4,3,71
27,8.8,12.6,21,60
52,8.9,11.2,30,120
54,7.7,11.2,40,103
64,3.9,5.0,20,34
43,4.4,6.0,14,31
56,4.4,6.9,10,55
23,1.9,3.3,5,35
50,1.6,3.1,4,24
21,5.2,7.1,7,74
41,2.5,4.4,12,77
23,5.9,9.6,38,162
28,4.9,8.3,16,73
55,2.0,2.8,2,20
51,8.9,10.6,49,156
18,3.7,7.0,16,42
63,4.2,7.5,9,43
36,7.2,8.8,31,166
49,4.2,6.4,3,20
37,2.7,4.9,3,8
36,3.8,6.0,10,23
35,1.8,4.2,4,28
48,4.2,7.4,18,35
64,4.2,7.3,8,94
38,1.7,3.6,2,10
41,1.6,3.9,2,6
51,2.1,2.8,1,29
24,4.3,5.7,13,60
61,8.2,10.4,35,72
40,5.0,6.0,19,56
49,3.7,7.0,8,33
50,1.2,2.1,4,24
51,5.0,7.8,6,73
22,2.8,4.1,3,81
62,3.6,6.6,19,63
37,0.9,3.0,1,9
27,7.8,10.1,25,76
45,7.8,11.3,16,62
45,5.2,7.0,44,135
25,2.6,3.2,2,26
24,2.4,4.7,1,23
29,7.7,9.3,21,168
35,5.3,7.2,8,84
57,6.0,8.9,18,164
18,4.1,6.9,12,41
52,5.0,8.3,25,177
63,3.9,6.6,8,76
24,3.0,4.9,15,74
32,1.6,3.6,2,8
