Date;Solar_Irradiance;Temperature;Humidity;Wind_Speed;Precipitation;Sunlight_Hours;Solar_Energy
20200101;4,87;18,87;85,65;1,02;1,67;6,09;19,96
20200102;6,01;19,03;84,94;1,18;0,95;7,51;24,6
20200103;6,18;19,09;77,95;1,11;0,13;7,73;25,32
20200104;6,34;18,6;79,6;1,42;0;7,93;26,02
20200105;6,23;18,42;86,14;1,7;0;7,79;25,58
20200106;6,07;18,8;85,41;1,43;0;7,59;24,88
20200107;6,39;18,91;77,86;1,27;0;7,99;26,2
20200108;6,22;17,81;72,74;1,4;0;7,77;25,59
20200109;6,56;18,09;74,42;1,74;0;8,2;26,98
20200110;6,76;16,7;72,36;2,72;0;8,45;27,93
20200111;5,61;17,68;74,01;1,85;0;7,01;23,09
20200112;5,25;18,63;76,33;1,64;0;6,57;21,55
20200113;6,38;19,32;75,33;1,7;0;7,97;26,1
20200114;5,18;19,32;75,45;1,37;0;6,47;21,19
20200115;5,49;19,32;76,57;1,42;0;6,87;22,47
20200116;4,24;19,57;74,93;2,12;1;5,3;17,33
20200117;4,05;19,9;75,06;2,99;2,72;5,06;16,52
20200118;4,91;20,24;73,72;2,34;0,52;6,14;20,01
20200119;4,73;20,84;75,52;1,93;1,57;5,91;19,22
20200120;3,82;19,4;83,65;0,77;0,94;4,78;15,63
20200121;3,34;18,68;86,75;0,9;2,92;4,18;13,72
20200122;3,32;17,85;86,16;1,37;0,92;4,15;13,67
20200123;5,01;18,35;83,55;1,6;0,04;6,26;20,57
20200124;4,04;18,07;84,76;1,1;0,69;5,05;16,62
20200125;4,81;18,65;85,63;0,75;2,78;6,02;19,74
20200126;4,6;19,47;81,07;0,91;3,11;5,74;18,79
20200127;5,16;18,67;88,55;1,06;2,56;6,44;21,14
20200128;5,29;18,51;84,51;1,29;0,59;6,61;21,7
20200129;5,84;18,78;82,71;1,33;0,34;7,3;23,95
20200130;5,3;19,49;75,61;1,38;0,06;6,62;21,65
20200131;4,94;19,23;73,25;1,79;0;6,17;20,21
20200201;4,32;20,38;77,07;0,78;1,03;5,4;17,6
20200202;5;20,2;76,48;0,76;1,02;6,25;20,39
20200203;5,96;19,12;73,95;1,85;0,02;7,45;24,4
20200204;6,44;17,96;67,71;1,89;0;8,05;26,48
20200205;7,15;17,87;62,57;1,57;0;8,94;29,43
20200206;7,1;17,66;66,47;1,74;0;8,88;29,24
20200207;6,3;18,63;65,5;1,15;0;7,87;25,83
20200208;5,18;18,63;80,12;1,28;6,22;6,47;21,23
20200209;5,91;18,86;82,33;1,22;36,81;7,39;24,24
20200210;6,89;18,65;71,53;2,39;1,89;8,62;28,27
20200211;7,12;17,91;69,91;2,34;0;8,91;29,31
20200212;6,84;18,94;72,96;1,78;0;8,56;28,04
20200213;6,14;20,16;74,58;1,09;0,12;7,67;25,02
20200214;4,62;20;78,78;1;1,29;5,78;18,86
20200215;4,83;19,48;73,27;2,06;0,61;6,04;19,74
20200216;5,84;19,11;71,58;1,94;0,41;7,3;23,92
20200217;5,88;19,26;72,19;2,63;0,19;7,35;24,05
20200218;6,44;20,57;72,22;2,29;0;8,05;26,22
20200219;4,47;21,17;76,35;0,93;0,35;5,58;18,13
20200220;4,51;20,8;74,91;1,07;0,54;5,64;18,34
20200221;4,95;19,55;82,79;0,92;8,87;6,19;20,25
20200222;3,54;19,49;86,02;0,77;4,54;4,43;14,48
20200223;3,4;19,78;84,35;0,81;29,72;4,25;13,88
20200224;3,17;18,99;89,67;0,64;19,79;3,96;12,99
20200225;4,77;19,27;87,87;0,55;8,07;5,96;19,52
20200226;4,03;18,14;89,78;1;3,69;5,04;16,58
20200227;5,46;18,59;85,6;1,05;0,43;6,82;22,4
20200228;4,92;19,57;81,7;1,11;0,17;6,15;20,11
20200229;4,68;20;78,11;0,88;6,61;5,86;19,11
20200301;4,59;20,3;79,6;0,93;8,94;5,74;18,71
20200302;5,24;20,09;80,36;0,86;4,62;6,55;21,38
20200303;5,27;20,72;79,1;0,83;3,88;6,58;21,43
20200304;6,14;20,28;75,95;1,23;0,04;7,68;25,03
20200305;6,52;18,8;68,05;1,69;0;8,15;26,74
20200306;5,94;19,13;66,83;1,06;0,06;7,42;24,32
20200307;4,29;19,99;75,75;0,97;0,7;5,36;17,5
20200308;3,85;19,83;84,17;0,89;1,15;4,81;15,71
20200309;3,43;19,66;82,42;0,9;7,91;4,29;14,03
20200310;4,83;20,06;78,56;0,97;8,22;6,04;19,72
20200311;5,23;19,9;80,13;0,84;2,49;6,54;21,36
20200312;3,81;20,04;81,05;0,77;0,68;4,76;15,52
20200313;4,49;19,44;85,1;0,61;8,85;5,61;18,36
20200314;3,64;18,09;89,5;0,71;10,63;4,54;14,94
20200315;3,51;19,02;86,36;0,73;11,8;4,39;14,37
20200316;4,59;19,04;83,61;1,16;2,47;5,74;18,81
20200317;5,57;19,01;82,07;1,25;0,63;6,96;22,8
20200318;4,96;19,28;81,19;1,04;0,11;6,2;20,29
20200319;4,73;19,53;77;1,02;0,14;5,91;19,32
20200320;3,32;18,18;84,22;1,69;0,53;4,15;13,65
20200321;5,65;16,98;86,75;1,29;0,3;7,06;23,31
20200322;6,31;18,41;73,9;1,27;0,07;7,88;25,89
20200323;4,29;18,8;77,69;1,05;0,87;5,36;17,57
20200324;3,26;18,82;84,67;0,74;1,87;4,08;13,37
20200325;4,87;19,41;82,48;0,79;2,49;6,09;19,92
20200326;4,38;19;84,98;1,35;1,29;5,48;17,94
20200327;4,96;19,17;81,4;1,38;0,12;6,2;20,32
20200328;4,87;19,86;78,31;1,24;0,01;6,08;19,86
20200329;4,48;19,83;76,25;1,44;0,94;5,61;18,31
20200330;2,92;20,23;78,76;1,29;11,06;3,65;11,91
20200331;3,84;19,93;80,71;0,57;13,14;4,81;15,69
20200401;2,89;19,55;84,81;0,83;14,74;3,61;11,8
20200402;4,45;20,05;80,87;0,7;2,73;5,56;18,15
20200403;5,47;20,15;77,34;1,03;0,09;6,83;22,3
20200404;4,56;20,78;78,15;0,68;7,15;5,7;18,55
20200405;4,1;21,19;78,32;0,67;5,44;5,13;16,65
20200406;4,16;20,28;79,01;1,28;12,26;5,21;16,97
20200407;4,47;20,68;73,7;1,44;4,41;5,59;18,19
20200408;5,14;20,38;76,21;0,88;0,07;6,43;20,95
20200409;4,64;19,45;83,72;0,86;5,97;5,8;18,97
20200410;4,81;20,39;78,21;0,78;0,98;6,01;19,6
20200411;3,77;20,68;78,55;0,8;4,67;4,72;15,36
20200412;3,38;20,74;76,01;1,2;0,51;4,22;13,75
20200413;6,2;20,16;73,87;1,36;0,86;7,75;25,29
20200414;5,39;19,28;83,26;1,56;2,11;6,74;22,05
20200415;5,02;18,32;85,16;1,18;0,85;6,27;20,61
20200416;4,46;18,18;81,31;0,81;1,06;5,58;18,34
20200417;3,26;19,15;80,77;0,64;11,88;4,08;13,35
20200418;4,36;18,6;83,28;0,76;6,4;5,46;17,91
20200419;4,95;18,82;82,9;0,83;10,67;6,18;20,27
20200420;5,81;19,34;79,96;0,83;10,99;7,27;23,78
20200421;4,28;19,01;82,14;0,77;10,41;5,35;17,52
20200422;4,41;18,77;86,34;0,65;7,3;5,51;18,07
20200423;4,28;19,28;81,25;0,52;8,22;5,35;17,51
20200424;5,04;18,83;83,3;0,81;1,02;6,3;20,67
20200425;5;18,84;87,42;0,56;1,53;6,25;20,49
20200426;5,89;19,72;74,68;0,92;0,44;7,36;24,06
20200427;5,13;19,93;70,72;1,17;1,5;6,41;20,92
20200428;4,56;19,87;76,08;0,71;4,36;5,7;18,62
20200429;4,39;19,96;79,72;0,76;4,82;5,49;17,93
20200430;4,21;20,07;82,44;0,72;12,67;5,26;17,16
20200501;3,69;19,79;83,94;0,64;8,11;4,62;15,09
20200502;4,04;20,4;77,78;0,92;4,9;5,05;16,47
20200503;3,89;19,72;79,7;0,97;8,81;4,86;15,88
20200504;4,27;19,78;77,53;0,94;3,04;5,34;17,44
20200505;4,58;19,5;76,15;1,59;1,03;5,72;18,72
20200506;4,44;19,09;77,42;1,43;14,62;5,55;18,19
20200507;3,78;19,66;78,61;1,15;10,11;4,72;15,44
20200508;3,22;19,62;78,9;1,69;1,78;4,03;13,16
20200509;5,08;20,04;76,67;1,75;6,47;6,35;20,72
20200510;5,09;20,55;78,89;0,99;4,2;6,37;20,73
20200511;5,22;20,21;80,64;0,82;1,1;6,52;21,27
20200512;3,77;20,69;78,68;0,9;6,68;4,72;15,36
20200513;2,7;19,19;84,61;0,68;8,59;3,37;11,05
20200514;5,21;19,58;80,49;0,72;1,87;6,51;21,29
20200515;4,98;19,91;77,84;1,15;1,31;6,22;20,31
20200516;5,56;20,12;75,27;1,45;0,1;6,95;22,68
20200517;4,73;19,83;76,79;1,36;1,08;5,92;19,32
20200518;4,98;19,88;78,93;1,01;4,73;6,23;20,35
20200519;3,16;19,27;81,08;0,74;5,7;3,95;12,94
20200520;5,06;20,1;76,03;1,13;0,28;6,32;20,62
20200521;4,71;20,28;74,84;1,46;0,11;5,89;19,22
20200522;4,21;19,99;76,3;1,34;1,67;5,26;17,18
20200523;5,14;20,04;76,59;1,56;7,69;6,43;20,98
20200524;4,37;19,22;76,83;1,98;1,63;5,46;17,88
20200525;4,95;19,34;75,58;1,32;0,5;6,19;20,27
20200526;4,27;19,88;76,53;1,46;4,56;5,34;17,44
20200527;4,12;18,67;81,05;1,4;2,01;5,15;16,91
20200528;3,83;18,91;77,93;0,66;2,13;4,78;15,67
20200529;4,37;19,03;81,79;0,56;7,92;5,46;17,89
20200530;3,38;18,37;84,96;0,98;9,36;4,23;13,9
20200531;4,26;18,48;83,12;0,72;8,79;5,32;17,48
20200601;4,72;18,56;83,22;0,54;12,59;5,9;19,36
20200602;4,8;19,16;80,08;0,56;12,45;6;19,63
20200603;2,28;18,63;82,02;0,74;26,51;2,85;9,34
20200604;5,68;19,49;77,26;1,23;5,23;7,1;23,23
20200605;4,23;18,86;78,53;1,56;3,93;5,29;17,33
20200606;4,3;18,49;77,47;1,86;1,44;5,38;17,67
20200607;5,08;17,91;77,74;1,53;106,36;6,35;20,9
20200608;4,08;17,4;80,21;1,13;17,73;5,1;16,83
20200609;5,8;18;76;1,27;0,14;7,25;23,86
20200610;4,72;18,28;80,81;0,88;7,29;5,9;19,37
20200611;4,51;18;88,55;0,46;5,89;5,64;18,56
20200612;4,08;18,18;88,5;0,74;11,24;5,1;16,76
20200613;4,64;19,3;79,2;0,76;2,47;5,8;18,98
20200614;3,88;18;79,95;1,69;3,45;4,85;15,95
20200615;5,09;17,33;79,46;1,46;0,2;6,36;20,98
20200616;4,89;18,29;79,06;1,04;15,6;6,11;20,07
20200617;3,47;18,96;79,73;0,91;7,08;4,33;14,2
20200618;4,34;18,98;79,84;0,86;10,67;5,42;17,76
20200619;5,37;19,25;77,28;1,24;2,53;6,71;21,97
20200620;3,95;18,95;76,38;1,71;20,22;4,94;16,19
20200621;5,51;18,51;78,57;1,89;4,09;6,89;22,61
20200622;4,32;18,23;76,9;1,67;3,7;5,4;17,74
20200623;4,62;18,32;76,88;1,53;7,44;5,77;18,95
20200624;5,26;18,48;73,6;1,68;0,91;6,57;21,58
20200625;4,39;19,17;75,95;2,05;5,54;5,49;17,97
20200626;4,07;19,05;78,9;1,48;4,43;5,09;16,68
20200627;4,58;18,59;77,16;1,75;4,71;5,73;18,8
20200628;3,17;18,28;79,49;1,31;8,51;3,96;13,03
20200629;5,13;18,31;80;0,87;0,18;6,41;21,06
20200630;5,52;18,8;75,91;0,92;0,01;6,91;22,65
20200701;4,03;18,58;79,01;0,81;15,58;5,03;16,52
20200702;4,41;18,83;77,83;1,14;4,47;5,51;18,06
20200703;4,21;18,86;76,81;1,01;11,03;5,26;17,23
20200704;3,48;18,99;76,15;1,37;9,6;4,35;14,25
20200705;4,47;18,76;79,17;0,88;5,28;5,59;18,34
20200706;4,57;18,6;78,43;0,8;6,24;5,72;18,76
20200707;4,22;18,01;80,33;0,94;2,58;5,28;17,36
20200708;4,93;18,72;75,93;1,02;5,81;6,16;20,22
20200709;5,18;18,57;79,71;0,96;12,73;6,47;21,24
20200710;4,62;18,11;83,7;0,79;9,57;5,78;19
20200711;4,2;17,96;80,9;0,74;6,76;5,25;17,27
20200712;3,85;18,44;78,44;0,67;0,73;4,82;15,82
20200713;5,23;18,37;76,74;1,71;5,1;6,54;21,47
20200714;5,08;17,65;75,65;2,01;0,76;6,35;20,91
20200715;4,55;17,1;77,83;1,34;8,02;5,69;18,79
20200716;5,49;17,48;79;1,41;2,04;6,86;22,63
20200717;5,46;18,37;77,38;1,28;0,48;6,82;22,42
20200718;5,57;18,11;77,4;1,21;5,11;6,96;22,9
20200719;4,59;18,16;76,96;1,4;0,37;5,74;18,87
20200720;4,24;17,6;78,99;1,44;0,15;5,3;17,46
20200721;4,78;18,12;76,52;1,28;1,68;5,98;19,65
20200722;4,11;18,25;79,7;0,62;8,01;5,13;16,87
20200723;3,72;19,18;75,53;0,81;4,63;4,66;15,25
20200724;3,26;18,51;79,13;0,87;25,93;4,08;13,38
20200725;2,31;17,95;81,48;0,77;5,6;2,89;9,52
20200726;5,43;17,41;79,07;1,45;0,85;6,78;22,36
20200727;4,78;17,83;75,76;1,09;1,43;5,97;19,65
20200728;4,51;18,69;73,95;0,7;1,58;5,64;18,5
20200729;4,91;18,94;77,7;0,87;35,5;6,14;20,12
20200730;4,9;18,5;80,27;1,68;7,36;6,12;20,1
20200731;5,34;18,4;77,07;2;0,23;6,67;21,91
20200801;5,28;17,83;73,19;1,86;0,01;6,6;21,73
20200802;5,99;17,89;75,35;1,85;0;7,49;24,65
20200803;5,11;18,06;76,9;1,9;1,29;6,39;21
20200804;4,69;17,47;77,68;1,82;1,39;5,86;19,32
20200805;4,1;17,87;78,33;1,51;0,53;5,13;16,89
20200806;4,38;18,18;77,77;1,54;0,14;5,48;18,01
20200807;4,29;18,3;77,51;1,66;1,33;5,37;17,64
20200808;4,48;18,66;78;1,57;0,4;5,6;18,38
20200809;4,43;18,62;76,92;1,68;0,04;5,54;18,18
20200810;3,75;19,39;74,29;1,21;0,06;4,69;15,34
20200811;4,84;20,06;75,01;0,92;1,9;6,05;19,74
20200812;4,75;20,26;77,4;0,91;6,93;5,94;19,36
20200813;4,02;19,56;78,96;1,15;4,74;5,03;16,45
20200814;4,64;19,79;75,07;1,06;2,79;5,8;18,94
20200815;3,95;19,58;75,65;0,84;2,06;4,93;16,13
20200816;4,4;19,68;72,24;0,64;0,53;5,5;17,96
20200817;2,28;19,25;78,23;0,41;3,88;2,84;9,31
20200818;4,68;18,97;85,41;0,84;9,18;5,85;19,16
20200819;4,03;18,92;85,53;0,65;4,7;5,04;16,52
20200820;4,29;19,87;77,84;0,87;2,35;5,36;17,5
20200821;4,62;18,75;78,01;0,88;6;5,77;18,94
20200822;4,94;18,07;79,49;0,98;14,25;6,17;20,3
20200823;4,56;18,06;80,06;0,94;9,93;5,7;18,74
20200824;6,23;19,3;78,09;0,79;14,03;7,78;25,48
20200825;5,1;18,92;79,71;0,66;4,31;6,37;20,9
20200826;4,32;19,24;78,3;0,66;0,72;5,4;17,67
20200827;4,22;18,59;77,24;0,99;2,19;5,27;17,3
20200828;5,84;19,1;74,55;1,24;0,03;7,3;23,92
20200829;5,43;18,76;75;0,9;5,62;6,78;22,24
20200830;3,73;17,34;87,24;0,72;11,91;4,67;15,39
20200831;5,66;18,03;81,32;0,92;8,1;7,07;23,25
20200901;5,37;18,88;72,9;1,15;1,15;6,71;21,99
20200902;4,42;17,97;82,97;1;14,14;5,52;18,16
20200903;5,58;18,73;79,82;1,04;6,03;6,98;22,89
20200904;4,86;18,6;77,07;1,06;5,16;6,08;19,96
20200905;6,63;19,1;76,43;1,36;8,22;8,29;27,14
20200906;5,6;19,14;76,56;0,86;5,86;6,99;22,91
20200907;5,22;19,45;77,59;0,61;2,78;6,53;21,36
20200908;4,43;18,04;83,49;0,48;1,86;5,54;18,23
20200909;5,45;18,7;76,76;1,15;4,64;6,81;22,34
20200910;5,81;19,27;74,56;0,87;0,25;7,26;23,77
20200911;5,56;19,4;77,38;1;0,14;6,95;22,75
20200912;4,9;18,75;80,34;0,92;1,4;6,13;20,11
20200913;5,2;19,66;72,4;1,75;0,25;6,5;21,23
20200914;5,72;19,41;70,07;1,9;0,01;7,15;23,4
20200915;4,38;18,75;72,8;0,95;1,02;5,47;17,95
20200916;4,85;19,28;74,29;0,78;5,83;6,06;19,84
20200917;4,95;19,18;81,29;1,03;4,91;6,19;20,27
20200918;5,26;19,47;82,9;0,71;3,64;6,58;21,51
20200919;4,76;18,97;84,81;0,75;29,28;5,95;19,5
20200920;5,28;19,48;76,89;0,94;1,13;6,59;21,57
20200921;5,37;19,17;72,19;1,22;0,31;6,72;22
20200922;6,24;19,58;68,22;0,98;2;7,8;25,51
20200923;4,6;18,86;73,63;1,62;3,99;5,75;18,87
20200924;4,28;18,42;73;1,87;0,39;5,35;17,57
20200925;5,6;18,45;69,89;1,48;0,13;7;22,98
20200926;3,8;18,8;74,54;0,68;0,17;4,75;15,59
20200927;5,43;18,38;76,82;1,16;1,97;6,79;22,31
20200928;5,37;19,14;73,03;1,3;1,24;6,71;21,99
20200929;5,3;18,93;75,93;1,73;10,96;6,62;21,71
20200930;4,4;18,4;72,72;1,67;0,41;5,5;18,08
20201001;5,45;18,66;71,53;1,08;0,03;6,81;22,34
20201002;5,8;19,01;70,03;0,96;0;7,24;23,74
20201003;4,15;19,2;75,32;1,18;3,38;5,19;17
20201004;4,26;18,61;75,32;1,45;0,5;5,33;17,49
20201005;5,27;18,26;70,63;1,54;0,18;6,58;21,63
20201006;5,05;19,27;71,22;0,78;0,02;6,31;20,67
20201007;4,19;18,94;71,81;1,3;1,47;5,23;17,15
20201008;4,43;18,17;72,64;1,59;0,32;5,54;18,22
20201009;5,26;19;67,36;1,65;0;6,58;21,55
20201010;4,75;18,88;68,56;1,94;0;5,94;19,48
20201011;6,05;19,14;72,63;1,39;5,35;7,56;24,75
20201012;5,51;19,13;72,31;1,49;2,8;6,89;22,55
20201013;4,55;17,91;68,44;1,81;0,09;5,69;18,73
20201014;4,48;19,24;68,13;0,82;0,03;5,61;18,35
20201015;5,28;19,85;68,65;1,13;0,07;6,6;21,55
20201016;4,92;18,84;68,43;2,06;0,01;6,15;20,16
20201017;4,68;18,89;69,84;1,72;11,81;5,85;19,17
20201018;5,26;19,07;72,65;1,22;3,21;6,57;21,52
20201019;4,48;19;71,35;0,86;0,01;5,6;18,35
20201020;5,09;19,63;67,77;0,72;0;6,36;20,79
20201021;4,74;19,79;73,35;1,23;1,88;5,93;19,37
20201022;4,64;20,04;69,28;1,33;0,18;5,8;18,94
20201023;5,86;20,1;66,68;1,7;0;7,32;23,88
20201024;3,61;19,57;71,95;0,73;0,59;4,52;14,77
20201025;5,48;20,27;73,19;0,78;0,61;6,85;22,32
20201026;5,21;20,6;72,36;0,98;0;6,51;21,19
20201027;5;19,5;77,7;1,27;2,18;6,25;20,45
20201028;3,42;18,91;83,96;1,27;24,07;4,27;14
20201029;5,3;19,52;76,33;1,2;1,52;6,62;21,65
20201030;4,68;19,07;79,82;1,4;0,36;5,84;19,15
20201031;3,65;18,23;83,8;0,93;0,06;4,56;14,98
20201101;4,34;18,59;79,82;0,75;0,05;5,43;17,81
20201102;5,78;19,08;79,1;0,88;0;7,23;23,67
20201103;4,97;19,1;80,36;0,89;0;6,21;20,35
20201104;4,83;18,7;84,37;0,66;0;6,04;19,8
20201105;4,86;19,19;78,72;0,85;0;6,08;19,9
20201106;4,03;18,62;82,06;0,97;0;5,03;16,52
20201107;3,6;18,51;81,4;0,87;0;4,51;14,79
20201108;4,69;18,77;76,03;0,77;0,42;5,86;19,22
20201109;4,58;18,56;80,92;0,89;0,33;5,72;18,78
20201110;4,22;17,9;84,9;0,87;22,36;5,27;17,35
20201111;4,3;17,84;89,07;0,87;8,9;5,38;17,71
20201112;3,67;18,88;83,75;0,57;0,35;4,59;15,03
20201113;4,24;17,93;82,66;0,6;0,01;5,3;17,43
20201114;4,86;17,9;82,72;0,97;0;6,07;19,97
20201115;4,49;17,8;86,17;0,85;10,46;5,61;18,46
20201116;3,52;17,51;85,54;0,69;10,16;4,41;14,52
20201117;3,29;17,98;86,36;1,29;0,99;4,11;13,51
20201118;4,31;17,96;83,45;1,43;0,02;5,39;17,72
20201119;4,3;18,2;84,05;1;1,72;5,38;17,68
20201120;4,71;18,87;83,86;0,65;3,94;5,88;19,28
20201121;5,14;18,73;83,03;0,53;4,26;6,42;21,06
20201122;5,21;19,5;75,4;0,52;0,43;6,51;21,29
20201123;4,68;19,16;79,52;0,72;4,79;5,86;19,17
20201124;5;18,74;75,74;0,69;1,41;6,25;20,51
20201125;4,34;19,31;80,09;0,82;0;5,43;17,77
20201126;3,92;19,09;80,86;0,88;0,01;4,9;16,06
20201127;4,16;18,23;84,03;0,49;0,17;5,21;17,11
20201128;4,32;19,03;80,72;0,46;0,09;5,39;17,68
20201129;5,35;18,86;77,12;0,88;0;6,69;21,92
20201130;5;19,8;74,06;0,92;0,24;6,25;20,41
20201201;4,57;19,18;78,96;0,81;0,16;5,71;18,69
20201202;4,33;19,42;77,86;0,65;2,03;5,42;17,73
20201203;4,39;19,17;82,18;0,78;4,56;5,48;17,96
20201204;5,59;20,06;68,95;0,97;0,39;6,99;22,82
20201205;4,19;20,09;73,19;0,77;0,62;5,24;17,1
20201206;5,19;19,33;79,26;0,68;0,09;6,49;21,23
20201207;4,88;20,14;72,07;0,64;0,01;6,1;19,91
20201208;4,55;20,01;72,26;0,6;0,08;5,68;18,55
20201209;3,9;19,79;73,36;0,83;0,04;4,87;15,92
20201210;5,27;19,67;72,69;0,86;0,21;6,59;21,54
20201211;5,45;20,16;69,15;0,91;0,1;6,81;22,22
20201212;5,34;19,94;65,33;1,06;0;6,67;21,79
20201213;5,68;18,92;60,15;1,26;0;7,1;23,28
20201214;5,31;19,83;63,6;0,86;0;6,64;21,68
20201215;4,78;19,62;71,56;0,7;0;5,98;19,53
20201216;5,23;19,5;73,69;0,91;1,04;6,53;21,37
20201217;4,42;19,72;75,91;0,84;4,38;5,52;18,04
20201218;4,87;19,86;75,78;0,61;5,09;6,09;19,9
20201219;4,55;19,69;71,1;0,94;0,17;5,69;18,6
20201220;4,95;19,47;67,23;1,13;0,07;6,18;20,22
20201221;5,44;20,37;64,61;0,75;0,1;6,8;22,17
20201222;4,86;19,68;70,46;0,84;2,28;6,08;19,85
20201223;5,17;19,46;76,62;0,86;3,29;6,46;21,12
20201224;4,55;20,21;72,06;0,75;0,41;5,69;18,55
20201225;4,64;18,73;80,26;0,92;5,51;5,8;19,04
20201226;4,64;17,5;86,24;1,21;24,68;5,8;19,11
20201227;3,97;17,03;86,76;1,32;16,33;4,97;16,41
20201228;5,61;17,63;84,08;0,81;4,69;7,01;23,09
20201229;5,18;18,62;77,99;0,89;0,98;6,48;21,26
20201230;5,01;18,07;86,25;0,96;17,51;6,26;20,58
20201231;4,06;18,03;88,95;0,86;19,17;5,07;16,68
20210101;4,08;19,17;79,44;0,83;4,03;5,1;16,71
20210102;4,28;19,64;77,8;0,75;3,9;5,36;17,51
20210103;4,3;18,16;84,79;0,77;11,61;5,38;17,68
20210104;5,99;18,37;81,29;1,17;12,97;7,49;24,61
20210105;5,64;17,87;78,17;0,99;2,28;7,05;23,19
20210106;5,28;17,92;77,14;0,68;1,89;6,6;21,73
20210107;4,81;18,81;75,35;0,66;3,63;6,01;19,7
20210108;3,89;17,88;80,5;0,6;0,94;4,86;16
20210109;3,99;17,77;77,95;1,03;6,59;4,99;16,44
20210110;4,08;18,11;77,51;1,31;7,48;5,1;16,79
20210111;3,81;18,59;76,74;1,19;3,22;4,76;15,61
20210112;5,84;18,97;69,89;1,42;0,66;7,3;23,93
20210113;5,62;18,12;67,64;1,15;0,51;7,03;23,12
20210114;5,94;19,5;66,3;0,8;0;7,42;24,28
20210115;5,78;19,86;70,24;0,76;0;7,23;23,6
20210116;6,09;19,42;72,81;1,02;0;7,62;24,92
20210117;5,5;18,93;72,37;1,08;0;6,88;22,54
20210118;5,87;18,3;68,81;1,17;0;7,34;24,11
20210119;5,79;18,66;63,4;1,05;0;7,24;23,74
20210120;5,61;18,74;62,49;1,65;0,03;7,01;22,99
20210121;4,8;18,89;67,17;0,71;8,45;6;19,68
20210122;4,42;19,13;76,23;0,74;11,21;5,53;18,1
20210123;3,76;19,2;79,84;0,8;8,73;4,7;15,38
20210124;3,97;19,55;74,68;1,4;2,92;4,97;16,24
20210125;3,98;19,46;71,99;1,37;2,51;4,98;16,28
20210126;4,69;19,24;72,86;0,94;1,9;5,87;19,2
20210127;5,56;19,76;73,74;0,9;6,33;6,94;22,69
20210128;5,32;19,52;72,23;1,02;3,15;6,65;21,76
20210129;6,28;18,46;71,4;1,15;0;7,85;25,78
20210130;6,54;18,11;66,3;2,1;0,09;8,17;26,87
20210131;6,54;19,87;67,9;1,95;0,11;8,17;26,68
20210201;4,34;20,34;72,59;1,01;6,66;5,43;17,7
20210202;4,66;19,84;71,95;1,22;2,2;5,82;19,01
20210203;5,4;20,24;64,62;1,78;0,26;6,75;22
20210204;5,23;20,64;68,06;1,34;2,4;6,53;21,28
20210205;4,4;20,9;72,76;0,79;3,36;5,5;17,89
20210206;4,81;18,45;80,98;1,07;22,83;6,02;19,76
20210207;5,56;20,62;73,3;0,88;0,48;6,95;22,62
20210208;4,93;19,94;74,29;0,91;1,54;6,17;20,14
20210209;4,13;19,86;75,55;0,79;1,65;5,17;16,87
20210210;5,19;19;79,87;1,03;2,67;6,49;21,28
20210211;5,9;19,06;76,81;1,2;2,4;7,38;24,16
20210212;4,12;19,88;72,39;0,82;0,46;5,15;16,81
20210213;3,99;20,02;70,06;0,8;0,06;4,98;16,26
20210214;4,62;19,51;78,2;0,74;0,03;5,78;18,89
20210215;4,01;19,48;75,01;1,05;20,33;5,02;16,41
20210216;5,61;18,53;72,18;1,23;3,64;7,02;23,04
20210217;5,36;19,12;74,48;1,4;0,01;6,7;21,94
20210218;4,22;18,47;80,05;1,13;0,16;5,27;17,31
20210219;3,88;17,8;79,63;1,13;1,62;4,85;15,96
20210220;4,34;18,51;76,42;1,16;1,87;5,43;17,82
20210221;4,3;18,55;76,65;1;0;5,37;17,62
20210222;3,01;19,33;76,1;0,91;0,13;3,76;12,3
20210223;4,25;20;70,59;0,9;0,07;5,31;17,33
20210224;3,67;20,46;72,45;1,12;6,08;4,59;14,95
20210225;3,8;20,49;74,46;1,13;2,6;4,75;15,48
20210226;5,47;20,83;71,99;0,91;0,83;6,83;22,23
20210227;4,5;19,7;76,92;0,96;9,98;5,63;18,4
20210228;4,45;19,81;76,15;0,83;4,06;5,56;18,16
20210301;4,03;18,15;85,54;0,91;4,36;5,04;16,58
20210302;3,44;18,31;80,46;1,14;9,49;4,3;14,14
20210303;3,32;18;76,06;0,83;1,84;4,15;13,65
20210304;3,01;17,53;78,58;0,67;0,36;3,76;12,4
20210305;3,16;18,66;78,89;0,74;0;3,96;12,98
20210306;4,6;19,91;72,78;0,68;0;5,75;18,77
20210307;3,41;19,51;77,1;1,08;22,48;4,26;13,94
20210308;3,42;19,41;73,87;0,94;9,31;4,27;13,97
20210309;5,91;19,74;73,79;0,93;0,25;7,39;24,14
20210310;3,55;17,85;87,62;0,87;0,07;4,44;14,62
20210311;3,21;17,38;85,27;1,17;0,02;4,02;13,25
20210312;3,29;17,71;83,26;1,15;0,88;4,12;13,55
20210313;4,03;18,39;78,71;0,99;4,47;5,04;16,55
20210314;4,66;17,82;83,64;0,98;2,09;5,82;19,17
20210315;3,9;17,78;83,06;0,81;0,95;4,87;16,03
20210316;4,8;18,26;81,57;0,42;0,2;6;19,71
20210317;4,12;18,72;80,95;0,91;2,12;5,14;16,87
20210318;3,37;18,96;79,23;0,86;0,33;4,21;13,79
20210319;5,6;19,16;77,63;0,96;1,02;7;22,92
20210320;5,46;18,21;83,62;0,99;2,78;6,82;22,42
20210321;4,3;19,21;75,5;0,88;15,18;5,37;17,6
20210322;3,05;18,88;79,23;0,91;10,21;3,81;12,5
20210323;4,48;18,3;79,93;0,53;0;5,6;18,39
20210324;3,44;17,99;84,61;0,93;2,63;4,3;14,14
20210325;5,07;18,96;79,54;0,84;0,87;6,33;20,75
20210326;4,04;19,24;77,76;0,88;2,59;5,05;16,54
20210327;3,68;18,02;83,93;0,81;1,11;4,6;15,12
20210328;5,13;19,79;74,56;1,29;14,71;6,41;20,95
20210329;4,68;20,03;73,13;1,55;12,99;5,85;19,09
20210330;4,63;19,86;75,61;1,16;2,03;5,79;18,92
20210331;5,4;19,8;78,73;1,08;6,78;6,75;22,03
20210401;4,91;20,21;77,3;1,14;2,4;6,14;20,01
20210402;4,09;19,58;77,25;1,25;8,64;5,11;16,72
20210403;3,94;19,15;79,61;0,89;3,1;4,92;16,12
20210404;4,01;19,79;76,95;1,11;0,18;5,01;16,36
20210405;5,13;19,67;76,73;1,36;0;6,41;20,96
20210406;3,63;18,32;80,49;1,12;10,36;4,54;14,9
20210407;4,1;18,35;76,91;1,2;0,13;5,12;16,83
20210408;4,84;19,21;74,94;1,04;0,01;6,06;19,83
20210409;3,19;18,82;79,92;0,47;2,75;3,99;13,08
20210410;5,18;19,4;78,35;0,77;0,32;6,47;21,18
20210411;5,59;19,43;75,8;0,91;0,42;6,99;22,86
20210412;2,13;19,17;79,38;1,36;40,87;2,67;8,73
20210413;5,88;19,06;77,98;1,6;1,35;7,36;24,1
20210414;4,54;19,27;80,12;1,18;0,21;5,67;18,57
20210415;4,43;19,07;79,09;0,95;7,95;5,53;18,13
20210416;5,58;19,39;78,72;0,63;4,04;6,97;22,82
20210417;4,74;19,53;79,83;0,9;15,21;5,93;19,38
20210418;4,39;19,09;83,37;0,81;22,56;5,49;17,98
20210419;5,52;19,22;76,05;0,86;24,76;6,9;22,57
20210420;6,6;19,38;75,1;0,93;4,21;8,25;26,98
20210421;5,3;19,55;75,71;0,89;5,7;6,63;21,66
20210422;6,28;20,33;73,75;0,74;2,18;7,85;25,59
20210423;4,69;19,52;78,66;0,94;0,11;5,86;19,17
20210424;5,34;20,04;80,31;0,71;0,72;6,67;21,77
20210425;4,69;19,49;80,87;0,74;2,8;5,86;19,18
20210426;4,14;20,28;76,23;0,74;4,72;5,17;16,85
20210427;2,98;18,77;85,21;0,7;3,47;3,73;12,23
20210428;5,46;17,97;87,78;0,74;1,13;6,82;22,45
20210429;4,49;17,96;88,49;0,78;3,81;5,61;18,47
20210430;2,51;16,99;88,59;0,87;2,61;3,13;10,34
20210501;5,65;17,85;82,67;0,83;0,28;7,06;23,23
20210502;4,74;17,1;87,48;0,63;0,92;5,93;19,58
20210503;4,84;17,98;82,14;0,92;0,04;6,05;19,9
20210504;5,35;18,37;83,69;1,17;0,94;6,69;21,98
20210505;4,4;18,17;83,61;0,59;0,18;5,5;18,07
20210506;4,61;18,32;81,69;0,71;0,46;5,76;18,94
20210507;5,37;18,12;82,44;0,93;0,34;6,71;22,07
20210508;4,48;18,17;82,54;0,99;0,94;5,6;18,41
20210509;5,04;19,01;79,62;1,04;0,26;6,3;20,64
20210510;3,85;19,21;76,98;1,66;0,06;4,82;15,77
20210511;5,19;18,81;74,72;1,59;0;6,49;21,28
20210512;5,39;19,38;71,86;1,65;0;6,74;22,06
20210513;4,85;19,7;74,06;1,3;0;6,06;19,81
20210514;4,79;19,68;75,3;1,2;1,18;5,99;19,57
20210515;4,62;20,22;78,64;0,88;2,15;5,77;18,83
20210516;5,06;19,97;78,65;1,1;0,15;6,32;20,63
20210517;3,98;18,69;82,94;1,09;7,93;4,97;16,31
20210518;5,14;18,39;80,05;1,05;0,64;6,43;21,12
20210519;6,38;19,6;72,86;1,18;0;7,98;26,08
20210520;5,73;20,52;72,2;0,97;0;7,16;23,33
20210521;5,62;20,73;72,17;1,19;0;7,03;22,87
20210522;4,29;20,56;73,01;1,38;0;5,36;17,47
20210523;4,16;20,35;73,27;1,83;6,26;5,2;16,96
20210524;4,27;20,05;74,8;2,22;13,88;5,34;17,43
20210525;4,59;19,7;79,65;1,59;2,78;5,74;18,75
20210526;5,08;19,1;74,31;2,15;1,65;6,35;20,8
20210527;3,71;19,53;76,03;1,14;0,12;4,64;15,16
20210528;4,72;19,32;79,27;0,86;0;5,9;19,29
20210529;3,98;18,61;85,94;0,76;2,8;4,97;16,32
20210530;4,38;19,55;80,82;0,84;4,29;5,48;17,91
20210531;4,56;19,1;79,87;1,13;5,6;5,69;18,65
20210601;5,4;19,11;73,33;1,23;0,05;6,75;22,09
20210602;5,88;19,71;74,06;0,7;0;7,35;24,03
20210603;5,21;19,71;79,92;0,88;2,71;6,52;21,3
20210604;4,45;19,11;79,97;0,97;1,09;5,56;18,21
20210605;5,42;19,02;76,08;0,7;0,61;6,78;22,2
20210606;3,71;18,89;80,24;1,06;9,44;4,64;15,22
20210607;4,4;19,02;76,15;1,19;3,53;5,5;18,03
20210608;2,89;18,6;77,94;0,7;1,46;3,62;11,87
20210609;4,14;18,31;80,45;0,39;0,15;5,18;17,01
20210610;3,15;17,65;80,46;1,12;0;3,94;12,98
20210611;5,23;19,22;76,48;0,74;0,76;6,54;21,41
20210612;4,72;18,8;81,04;1,09;26,07;5,9;19,36
20210613;4,2;18,65;82,15;0,75;16,24;5,25;17,23
20210614;3,99;18,39;83,64;0,59;5,16;4,99;16,38
20210615;4,58;18,83;84;0,76;24,02;5,73;18,79
20210616;5,19;17,65;85,47;0,85;22,04;6,49;21,39
20210617;5,26;17,14;80,3;1,72;6,97;6,57;21,68
20210618;4,85;17,13;78,18;1,76;11,6;6,07;20,02
20210619;4,54;18,19;78,83;1,74;15,66;5,68;18,66
20210620;3,37;17,77;77,14;2,37;5,03;4,21;13,87
20210621;5,85;17,28;78,63;1,44;6,2;7,32;24,14
20210622;4,55;17,36;81;0,89;0,07;5,69;18,75
20210623;4,89;17,46;84,39;0,86;23,14;6,11;20,15
20210624;5,37;17,9;77,12;0,81;2,25;6,71;22,08
20210625;4,2;17,98;77;0,79;1,43;5,25;17,27
20210626;4,59;18,07;80,26;0,8;0,23;5,74;18,89
20210627;4,52;18,75;77,95;0,76;2,62;5,65;18,53
20210628;5,02;19,02;76,46;1,47;1,69;6,28;20,56
20210629;5,66;18,58;76,83;1,88;0,72;7,08;23,24
20210630;4,24;17,37;78,35;2,01;5,95;5,3;17,48
20210701;4,65;16,91;82,14;1,39;1,01;5,81;19,18
20210702;5,51;17,53;78,23;1,2;0;6,89;22,7
20210703;5,55;17,24;78,4;1,91;1,34;6,94;22,89
20210704;4,64;16,66;75,71;1,81;0,05;5,8;19,17
20210705;4,63;17,21;75,14;1,4;0,07;5,79;19,09
20210706;5,14;18,2;74,54;1,65;0,84;6,42;21,12
20210707;5,19;19,06;73,67;1,42;0,06;6,49;21,27
20210708;5,06;19,59;73,24;1,78;2,05;6,32;20,66
20210709;4,66;19,2;76,3;1,21;3,34;5,82;19,07
20210710;4,96;18,4;76,93;1,29;1,34;6,2;20,38
20210711;4,38;18,66;74,16;1,74;0,17;5,47;17,96
20210712;4,62;18,66;75,7;1,45;0,23;5,78;18,95
20210713;3,71;18,47;76,13;1,7;2,42;4,64;15,24
20210714;3,96;18,51;71,85;2,01;0,17;4,95;16,24
20210715;5,83;19,17;70,93;1,55;0,03;7,29;23,86
20210716;4,96;19,22;72,44;1,54;4,33;6,19;20,28
20210717;4,64;19,44;73,15;1,59;2,09;5,8;18,97
20210718;3,23;19,6;73,59;2,69;12,5;4,04;13,19
20210719;4,71;18,55;75,7;2,9;16,05;5,88;19,31
20210720;5;18,14;75,69;2,47;2,58;6,25;20,56
20210721;4,07;18,77;76,45;2,17;1,06;5,09;16,7
20210722;4,39;18,57;74,49;2,34;0,12;5,49;18,02
20210723;4,8;18,81;74,6;1,46;0,02;6;19,68
20210724;3,91;18,38;79,66;0,87;0,92;4,89;16,06
20210725;3,13;18,54;78,62;0,61;1,14;3,91;12,83
20210726;4,53;19,47;72,45;1,22;0,22;5,66;18,51
20210727;4,53;19,43;72,91;0,82;0,21;5,66;18,53
20210728;4,11;19,36;73,93;1,45;2,81;5,14;16,82
20210729;4,73;19,05;73,61;1,65;0,37;5,91;19,35
20210730;4,63;19,3;72,82;1,74;0,01;5,79;18,96
20210731;6,36;19,48;72,23;1,78;0,06;7,95;25,99
20210801;4,46;19,34;72,04;2,27;0;5,58;18,26
20210802;4,8;17,88;76,37;2,45;10,16;5,99;19,73
20210803;4,1;17,4;75,26;2,27;2,66;5,13;16,91
20210804;4,8;17,83;71,71;1,74;0;6;19,76
20210805;4,42;18,1;73,87;1,61;1,9;5,53;18,18
20210806;4,87;18,25;74,81;1,18;0,16;6,09;20,02
20210807;5,05;19,81;70,25;0,83;0;6,31;20,6
20210808;4,65;18,54;80,55;0,92;0;5,81;19,06
20210809;4,91;19,69;73,72;1,04;0;6,13;20,04
20210810;5,15;19,55;73,18;2,3;9,28;6,44;21,05
20210811;5,24;19,06;72,51;1,72;2,12;6,54;21,44
20210812;4,64;19,07;74,71;0,96;10,57;5,79;18,98
20210813;4,63;18,87;75,65;1,12;1,08;5,79;18,99
20210814;4,07;18,71;75,71;1,17;4,79;5,08;16,67
20210815;5,24;18,44;78,2;0,76;4,07;6,55;21,5
20210816;4,14;19,12;75,74;1,06;5,47;5,18;16,96
20210817;4,2;19,63;73,89;0,8;1,58;5,25;17,17
20210818;3,92;19,56;75,6;0,79;6,26;4,9;16,02
20210819;4,26;19,42;76,06;0,92;0,7;5,32;17,41
20210820;4,53;19,34;74,74;0,61;0,06;5,66;18,51
20210821;4,86;19,41;73,44;0,95;0,39;6,07;19,86
20210822;4,89;19,95;70,36;1,46;0,13;6,11;19,95
20210823;5,42;20,03;73,67;0,56;0,13;6,77;22,1
20210824;4,43;19,66;74,85;0,64;5,76;5,54;18,1
20210825;4,45;20,66;73,86;0,83;1,77;5,56;18,09
20210826;4,8;20,23;68,85;1,41;1,2;5,99;19,55
20210827;4,94;19,41;70,12;1,41;0,21;6,17;20,2
20210828;5,35;19,83;64,71;1,86;0,03;6,69;21,85
20210829;4,1;19,15;71,73;1,52;0,37;5,12;16,78
20210830;4,57;18,89;70,01;1,44;0,14;5,71;18,71
20210831;4,49;19,84;67,36;0,58;0,12;5,61;18,32
20210901;4,01;19,55;73,52;0,96;5,16;5,01;16,39
20210902;6,06;19,83;68,29;1,14;0,09;7,58;24,75
20210903;4,45;19,59;72,67;1,04;15,19;5,56;18,19
20210904;5,31;19,84;72,54;1,17;0,03;6,63;21,67
20210905;5,32;19,24;77,66;0,78;18,43;6,65;21,78
20210906;3,06;18,15;81,35;0,98;5,02;3,83;12,59
20210907;4,93;19,21;73,1;0,82;0,43;6,16;20,17
20210908;4,49;19,99;70,87;1,24;0,42;5,61;18,3
20210909;5,2;20,56;66,96;1,58;0,06;6,5;21,17
20210910;4,68;19,33;68,14;1,62;0,08;5,85;19,16
20210911;4,82;19,01;72,13;1,48;13,54;6,02;19,73
20210912;3,34;18,73;72,36;2,16;9,37;4,18;13,71
20210913;6,37;19,39;66,24;1,14;0,14;7,96;26,04
20210914;5,06;20,09;68,88;0,8;0,2;6,32;20,63
20210915;5,01;19,4;72,45;1,15;2,3;6,27;20,5
20210916;4,8;18,73;69,79;1,98;0,3;6;19,68
20210917;6,77;19,21;68;2,01;1,35;8,46;27,7
20210918;6,36;18,39;68,17;1,42;0,44;7,95;26,1
20210919;5,09;19,06;67,3;0,71;0,02;6,37;20,85
20210920;4,82;19,66;73,04;0,7;0,73;6,03;19,71
20210921;3,91;19,55;73,55;1,1;18,58;4,89;15,99
20210922;4,76;18,72;78,95;1,5;20,39;5,95;19,52
20210923;4,78;18,66;74,45;1,42;1,68;5,97;19,58
20210924;4,82;18,22;74,93;2,14;10,9;6,03;19,82
20210925;5,23;17,75;77,95;2,04;14,59;6,53;21,52
20210926;6,9;18,68;70,93;1,71;0,43;8,63;28,31
20210927;6,28;19,03;71,13;1,09;0;7,85;25,72
20210928;4,39;19,11;72,68;1,06;3,77;5,48;17,96
20210929;4,64;19,16;72,51;0,73;0,28;5,79;18,98
20210930;4,06;18,45;77,66;0,77;1,08;5,07;16,65
20211001;5,03;19,75;70,02;1,34;0,19;6,29;20,55
20211002;5,72;20,45;70,72;0,9;0,08;7,15;23,31
20211003;6,34;20,99;71,93;0,68;1,26;7,92;25,76
20211004;5,91;20,85;73,99;0,73;1,2;7,39;24,03
20211005;4,01;19,77;80,67;0,78;8,3;5,01;16,36
20211006;3,57;20,58;73,21;1,56;2,25;4,46;14,53
20211007;5,26;20,48;70,61;1,06;0,03;6,57;21,4
20211008;4,96;20,03;70,28;1,06;0;6,19;20,21
20211009;5,17;20,03;75,89;0,59;7,86;6,47;21,11
20211010;4,85;19,31;79,54;0,8;10,61;6,06;19,84
20211011;3,12;19,12;82,53;0,42;0,35;3,9;12,76
20211012;4,76;20,17;72,07;1,18;0,32;5,95;19,4
20211013;5,32;20,53;71,55;0,8;0,01;6,64;21,64
20211014;5,25;19,6;79,8;0,75;0,1;6,56;21,46
20211015;5,72;20,66;73,22;1,03;2,71;7,15;23,28
20211016;4,12;18,94;81,84;0,58;2,69;5,15;16,89
20211017;3,67;18,93;78,67;0,63;2,25;4,59;15,04
20211018;5,1;19,57;71,2;0,55;0,02;6,37;20,84
20211019;4,69;19,9;70,74;0,82;1,25;5,86;19,15
20211020;5,03;20,32;70,86;0,78;1,01;6,29;20,51
20211021;5,01;19,16;79,46;0,71;1,32;6,26;20,5
20211022;5,25;19,95;75,98;1;3;6,56;21,41
20211023;5,11;20,27;75,92;1,03;2,56;6,39;20,82
20211024;5,83;19,75;78,6;1,04;12,21;7,29;23,81
20211025;5,06;19,18;84,26;0,83;10,18;6,32;20,7
20211026;5,08;19,1;83,67;0,73;10,54;6,35;20,8
20211027;3,08;18,64;79,72;0,71;4,52;3,85;12,62
20211028;5,71;18,87;83,53;0,81;6,23;7,14;23,4
20211029;4,87;17,69;86,03;0,8;0,89;6,09;20,06
20211030;5,09;18,1;82,7;1,04;1,16;6,36;20,91
20211031;4,35;17,62;84,91;0,77;1,34;5,44;17,91
20211101;5,02;18,87;79,97;1,15;0,53;6,28;20,58
20211102;5,46;18,78;78,2;1,05;0,39;6,83;22,38
20211103;5,12;18,93;78,57;1,18;0,29;6,4;20,96
20211104;4,55;18,27;83,72;1,13;8,64;5,69;18,68
20211105;5,24;19,99;77,12;0,71;7,25;6,54;21,36
20211106;5,61;20,48;70,11;0,81;0,25;7,01;22,83
20211107;5,46;20,48;65,82;0,85;0,12;6,83;22,26
20211108;3,36;19,63;79,45;0,88;7,59;4,2;13,72
20211109;4,8;19,27;79,06;0,56;2,56;6;19,65
20211110;4,63;19,18;78,1;1,36;1,24;5,79;18,97
20211111;5,69;19,44;77,32;0,87;2,02;7,11;23,26
20211112;5,81;19,53;72,58;1,19;0,26;7,26;23,74
20211113;4,33;19,49;70,21;0,75;0;5,41;17,7
20211114;5,17;19,82;75,31;0,93;0,05;6,47;21,12
20211115;5,17;20,09;77,93;1,03;3,3;6,46;21,09
20211116;5,2;19,28;81,66;1,16;1,99;6,51;21,29
20211117;5,77;19,48;77,29;1,24;1,49;7,21;23,59
20211118;6,5;18,99;78,53;1,33;2,6;8,13;26,64
20211119;6,02;19,02;77,28;1,07;1,32;7,52;24,64
20211120;5,11;19,28;75,22;0,92;0,07;6,39;20,92
20211121;4,58;19,12;78,45;0,63;14,09;5,72;18,75
20211122;3,91;19,17;80,09;0,73;8,72;4,89;16
20211123;3,93;18,08;88,09;0,44;8,78;4,91;16,14
20211124;3,74;18,48;85,74;0,77;3,86;4,68;15,37
20211125;3,97;17,95;85,69;0,54;1,03;4,96;16,33
20211126;4,03;19,06;77,25;0,71;0,05;5,04;16,5
20211127;5,76;19,46;75,64;0,75;0,02;7,2;23,54
20211128;5,27;19,8;73,91;0,8;0,01;6,59;21,53
20211129;4,84;19,26;79,84;0,81;1,76;6,04;19,78
20211130;3,91;19,11;78,98;0,7;6,2;4,89;16,01
20211201;5,61;19,46;75,9;1,07;1,01;7,01;22,94
20211202;5,18;19,62;75,54;1,08;8,05;6,48;21,17
20211203;4,1;19,62;73,07;0,99;1,51;5,13;16,77
20211204;4,67;20,31;71,96;0,98;0,5;5,84;19,02
20211205;4,09;20,75;71,54;0,79;0,84;5,11;16,65
20211206;5,08;20,8;71,28;0,64;1,23;6,36;20,68
20211207;5,13;20,98;69,69;1,12;0,85;6,42;20,87
20211208;5,16;20,96;70,32;0,63;0,58;6,45;20,96
20211209;4,02;19,86;77,72;1,01;1,05;5,02;16,39
20211210;3,99;19,5;79,89;0,97;8,78;4,98;16,3
20211211;3,25;19,22;80,45;0,86;1,53;4,07;13,32
20211212;4,24;19,01;81,73;1,44;2,12;5,3;17,38
20211213;5,28;18,93;79,68;1,13;0,73;6,6;21,65
20211214;5,43;19,81;73,64;1,2;0;6,79;22,17
20211215;4,16;19,66;76,14;1,02;0;5,2;17
20211216;4,48;20,13;75,58;1,39;0;5,59;18,25
20211217;4,4;19,58;76,82;1,25;3,34;5,5;17,98
20211218;3,74;19,11;79,05;0,96;3,8;4,68;15,31
20211219;4,51;19,72;75,97;1,41;0,22;5,64;18,43
20211220;5,12;19,79;76,48;1,16;0,61;6,4;20,9
20211221;5,12;19,62;80,52;1,35;1,4;6,4;20,92
20211222;5,37;19,11;82,59;1,59;1,27;6,71;21,99
20211223;4,64;19,48;79,85;1,22;0,73;5,79;18,95
20211224;4,85;18,66;85,86;0,79;1,27;6,06;19,87
20211225;4,77;19,82;78,01;0,73;0,18;5,96;19,46
20211226;5,38;20,25;71,22;0,96;1,67;6,72;21,92
20211227;4,1;19,02;83,06;0,7;6,58;5,13;16,8
20211228;4,71;19,58;78,93;0,82;7,19;5,89;19,25
20211229;3,52;19,68;76,83;0,84;5,45;4,4;14,37
20211230;4,59;19,59;76,31;1,16;1,75;5,73;18,75
20211231;4,7;20,28;73,44;0,9;1,24;5,88;19,16
20220101;4,9;19,16;74,01;1,07;2,78;6,12;20,05
20220102;5,09;18,88;68,05;1,24;4,44;6,36;20,84
20220103;5,55;18,82;74,46;1,29;1,76;6,93;22,74
20220104;5,73;18,99;72,19;1,26;0,98;7,16;23,46
20220105;5,21;18,49;74,13;1,24;3,27;6,51;21,37
20220106;3,7;18,57;72,3;1,21;2,7;4,63;15,2
20220107;5,12;19,04;69,23;0,78;0,79;6,4;20,96
20220108;5,71;19,29;69,17;1,12;0,4;7,14;23,37
20220109;5,45;18,83;76,74;1,27;1,11;6,81;22,32
20220110;3,84;18,83;75,48;1,13;1,43;4,81;15,76
20220111;4,33;18,75;78,02;1,42;0,19;5,41;17,75
20220112;4,26;19,23;75,79;1,07;0,83;5,33;17,45
20220113;3,28;18,06;83,78;0,91;2,82;4,11;13,5
20220114;3,92;18,56;76,82;0,88;0,92;4,9;16,08
20220115;4,38;20,09;65,99;1,48;0,05;5,48;17,88
20220116;5,13;20,19;67,21;1,13;4,53;6,41;20,91
20220117;4,31;19,8;70,2;0,66;1,05;5,39;17,61
20220118;4,33;19,82;73,61;0,77;5,24;5,41;17,67
20220119;5,13;20,07;65,65;2,08;0,29;6,42;20,94
20220120;5,25;20,22;61,13;2,1;0;6,57;21,42
20220121;5,23;20,83;61,5;1,45;0,02;6,54;21,28
20220122;4,83;20,94;65,63;0,67;1,6;6,04;19,64
20220123;4,07;20,59;73,03;0,94;2,59;5,09;16,58
20220124;4,99;20,89;71,29;0,8;3,11;6,23;20,27
20220125;3,79;18,88;78,35;0,9;8,12;4,74;15,53
20220126;3,58;19,62;76,4;0,63;1,21;4,48;14,63
20220127;5,37;19,49;76,03;0,98;2,55;6,72;21,96
20220128;6,18;19,86;71,37;1,38;2,1;7,72;25,23
20220129;6,29;19,62;70,79;1,8;0,36;7,86;25,69
20220130;6,01;19,11;71,96;1,55;0,22;7,52;24,62
20220131;6,21;19,39;66,28;1,32;0,03;7,76;25,39
20220201;5,8;19,76;61,1;1,22;0;7,26;23,71
20220202;4,98;19,94;57,63;1,05;0;6,22;20,31
20220203;5,11;21,31;60,97;0,8;0,03;6,38;20,72
20220204;4,51;19,6;75,39;1,11;4,32;5,63;18,41
20220205;4,34;18,09;85,44;1,05;4,91;5,43;17,84
20220206;3,36;18,67;75,78;0,82;4,41;4,2;13,78
20220207;3,4;19,1;80,12;0,79;9,93;4,25;13,93
20220208;1,74;18,27;85,93;0,7;14,87;2,18;7,17
20220209;3,87;18,02;82,53;0,59;7,52;4,84;15,92
20220210;4,59;19,22;77,81;0,73;3,93;5,73;18,77
20220211;4,95;19,19;77,37;0,94;2,72;6,18;20,24
20220212;5,16;19,5;78,29;0,87;1,12;6,46;21,11
20220213;4,3;20,27;72,23;0,83;0,46;5,38;17,53
20220214;3,51;19,02;70,42;1,12;4,11;4,39;14,39
20220215;4,35;19,46;72,72;0,83;1,43;5,43;17,78
20220216;5,24;19,63;72,58;0,99;4,37;6,55;21,41
20220217;4,7;20,42;69,75;0,88;1,12;5,88;19,15
20220218;3,4;19,83;73,79;1,03;3,54;4,24;13,86
20220219;4;18,38;82,25;0,98;0,97;5;16,41
20220220;4,23;17,87;82,35;1,23;3,95;5,29;17,41
20220221;5,14;18,86;73,63;1,09;2,06;6,43;21,08
20220222;5,54;19,83;67,12;0,96;0,35;6,92;22,61
20220223;4,93;20,5;64,67;0,99;0,05;6,16;20,06
20220224;4,36;19,67;75,54;0,83;1,6;5,46;17,83
20220225;4,06;19,9;79,26;0,74;9,18;5,08;16,59
20220226;3,66;19;83,42;0,55;9,95;4,57;14,98
20220227;3,13;18,78;84;0,72;22,83;3,91;12,83
20220228;3,73;18,05;83,71;0,65;11,96;4,67;15,35
20220301;3,75;19,04;79,06;0,9;5,89;4,69;15,37
20220302;2,6;18,85;82,16;0,93;7,42;3,25;10,67
20220303;4,29;17,91;89,14;0,44;7,03;5,36;17,63
20220304;4,29;18,32;78,31;0,81;6,47;5,36;17,62
20220305;4,27;18,81;83,72;0,7;6,28;5,34;17,52
20220306;3,72;17,75;88,66;0,91;19,01;4,65;15,33
20220307;3,51;17,62;87,48;1,27;7,2;4,39;14,46
20220308;5,05;18,85;78,23;1,06;1,09;6,31;20,69
20220309;6,16;19,07;78,39;1;0,06;7,7;25,21
20220310;4,95;19,05;80,42;1,11;0,46;6,19;20,28
20220311;4,22;17,45;88,82;1,12;7,26;5,28;17,4
20220312;4,86;17,94;77,62;1,1;3,58;6,07;19,98
20220313;4,85;18,12;75,44;1,43;10,39;6,07;19,95
20220314;4,93;17,83;81,75;1;14,19;6,17;20,3
20220315;5,49;18,81;81,44;0,85;6,11;6,87;22,51
20220316;5,19;18,67;84,77;0,64;7,07;6,49;21,28
20220317;4,54;19,53;80,51;0,95;1,72;5,67;18,54
20220318;4,93;19,81;80,47;0,8;3,18;6,16;20,12
20220319;4,84;19,61;78,94;0,74;2,04;6,05;19,77
20220320;4,32;19,96;79,35;0,75;10,25;5,4;17,61
20220321;5,18;19,21;83,85;0,77;12,95;6,47;21,2
20220322;3,96;20,02;80,01;0,79;2,84;4,95;16,17
20220323;4,68;19,65;81,25;0,91;1,98;5,85;19,13
20220324;4,44;19,91;77,46;1,21;5,25;5,55;18,14
20220325;4,06;19,7;79,49;0,88;7,17;5,07;16,57
20220326;3,62;19,48;80,99;0,66;10,58;4,52;14,79
20220327;3,63;18,84;82,38;0,62;7,77;4,54;14,87
20220328;4,6;18,45;83,04;0,76;13;5,76;18,9
20220329;4,59;18,14;83,87;0,65;5,36;5,74;18,87
20220330;4,84;18,95;82,46;0,74;1,51;6,05;19,82
20220331;4,34;19,46;78,23;0,96;4,77;5,42;17,74
20220401;4,64;19,56;76,04;0,73;6,62;5,81;18,98
20220402;4,63;19,73;77,44;0,68;2,22;5,78;18,89
20220403;4,66;19,5;78,26;0,74;9,96;5,83;19,05
20220404;4,88;19,43;80,89;0,67;7,55;6,1;19,95
20220405;4,87;18,92;82,05;0,76;33,89;6,09;19,95
20220406;5,33;19,09;80,44;0,86;8,3;6,66;21,82
20220407;4,17;19,21;80,82;0,89;6,37;5,21;17,05
20220408;4,38;19,29;80,9;0,73;1,21;5,48;17,92
20220409;4,54;19,28;83,26;0,67;17,92;5,67;18,57
20220410;5,1;19,33;80,39;0,88;3,19;6,37;20,85
20220411;4,76;19,43;81,35;0,85;5,85;5,95;19,47
20220412;4,05;19,76;74,84;2,05;2,03;5,06;16,54
20220413;4,15;20,27;74,57;1,16;1,02;5,19;16,92
20220414;4,69;20,28;74,74;1,04;0,23;5,86;19,11
20220415;4,75;19,52;79,84;1,09;1,56;5,93;19,41
20220416;4,43;19,45;81,03;0,92;5,59;5,54;18,12
20220417;3,72;18,69;83,02;0,96;4,18;4,65;15,27
20220418;3,82;18,82;82,81;0,93;11,23;4,78;15,66
20220419;3,6;17,82;84,81;0,99;25,47;4,5;14,83
20220420;3,46;17,71;84,54;0,56;8,69;4,33;14,26
20220421;4,12;17,14;88,42;1,45;3,05;5,15;17,01
20220422;4,6;17,55;85,3;1,58;1,82;5,75;18,93
20220423;4,41;17,53;86,01;1,66;3,96;5,52;18,18
20220424;4,5;17,79;84,7;0,68;11,57;5,63;18,53
20220425;3,02;18,12;83,91;0,76;10,59;3,78;12,42
20220426;5,28;18,72;83,13;0,84;14,14;6,6;21,66
20220427;3,91;18,81;83,12;0,83;9,71;4,89;16,03
20220428;2,84;18,29;86,11;0,75;23,69;3,55;11,67
20220429;3,91;19,1;82,08;1,23;9,44;4,88;16
20220430;4,4;18,26;79,28;1,91;9,07;5,5;18,07
20220501;5,71;18,2;78,15;1,03;5,19;7,14;23,46
20220502;5,35;19,08;76,8;0,83;1,56;6,69;21,91
20220503;6,14;19,94;74,84;1,16;0,18;7,68;25,08
20220504;6,17;19,45;72,63;1,19;2,06;7,71;25,22
20220505;2,07;18,88;80,53;0,83;19,16;2,59;8,5
20220506;4,59;18,74;81,86;0,66;8,06;5,73;18,81
20220507;3,14;18,64;84,35;1,11;17,35;3,93;12,9
20220508;5,63;18,83;82,77;1,04;2,12;7,03;23,06
20220509;4,96;19,1;81,14;1,04;7,47;6,21;20,33
20220510;4,93;19,02;83,78;1,01;24,54;6,16;20,2
20220511;4,26;18,72;87,93;0,79;10,87;5,32;17,47
20220512;4,77;18,61;86,46;0,64;21,24;5,96;19,56
20220513;4,41;19;82,45;0,92;9,26;5,51;18,05
20220514;2,91;18,59;83,01;0,89;8,91;3,64;11,96
20220515;5,18;19,32;82,49;0,81;24,71;6,47;21,19
20220516;4,02;18,72;82,48;1,2;31,35;5,02;16,47
20220517;3,77;18,7;81,98;0,91;6,73;4,71;15,45
20220518;1,98;18,86;82,15;0,63;28,94;2,47;8,11
20220519;4,62;18,1;84,94;0,96;11,19;5,78;19,01
20220520;4,69;18,51;81,82;0,68;0,29;5,86;19,26
20220521;4,18;18,91;80,11;0,78;2,58;5,22;17,12
20220522;6,02;19,36;73,62;1,03;11,61;7,53;24,63
20220523;4,63;19,08;77,89;0,7;12,75;5,79;18,97
20220524;4;18,86;82,4;0,84;7,98;5;16,4
20220525;4,61;18,72;79,98;1,63;5,72;5,76;18,9
20220526;4,17;18,13;81,54;1,44;5,1;5,21;17,14
20220527;4,65;17,46;79,88;1,99;3,41;5,82;19,18
20220528;4,1;17,72;78,79;1,42;10,48;5,12;16,87
20220529;4,23;18,11;79,16;0,92;8,52;5,29;17,4
20220530;3,85;18,64;79,42;0,85;5,43;4,81;15,8
20220531;4,51;18,24;84,66;0,68;4,24;5,64;18,55
20220601;4,42;18,35;83,33;0,63;2,4;5,52;18,14
20220602;3,91;18,68;80,52;0,48;7,01;4,89;16,04
20220603;3,37;17,39;87,31;0,71;19,58;4,22;13,91
20220604;3,93;17,63;87,18;0,54;12,56;4,91;16,17
20220605;4,74;17,8;84,81;0,79;8,82;5,93;19,52
20220606;4,37;18,61;81,73;0,85;23,58;5,46;17,91
20220607;4,41;17,88;86,07;0,95;10,16;5,51;18,15
20220608;4,57;18,3;83,1;0,89;0,56;5,71;18,76
20220609;3,99;18,15;83,81;0,95;0,33;4,99;16,4
20220610;4,72;18,53;82,53;0,9;10,84;5,9;19,36
20220611;3,05;17,76;84,33;0,97;7,75;3,82;12,57
20220612;4,26;17,67;81,56;1,39;8,31;5,33;17,54
20220613;3,78;17,72;80,53;1,2;6,7;4,72;15,55
20220614;4,58;17,35;82,1;1,15;2,46;5,72;18,86
20220615;4,44;17,95;77,4;0,87;1,73;5,54;18,24
20220616;3,76;17,87;80,42;0,78;2,83;4,7;15,48
20220617;3,42;18,31;82,62;0,64;4,07;4,27;14,03
20220618;4,34;18,02;84,31;0,8;10,25;5,43;17,86
20220619;4,16;17,87;79,7;1,06;5,8;5,21;17,13
20220620;4,14;17,4;80,66;1,14;7,84;5,18;17,07
20220621;4,41;17,65;81,93;1,02;10,71;5,51;18,17
20220622;4,55;18,3;78,63;1,22;8,78;5,68;18,68
20220623;2,64;18,29;77,3;1,03;3,48;3,3;10,84
20220624;4,14;18,14;78,87;1,24;3,83;5,17;17
20220625;4,34;17,4;81,17;1,18;1,45;5,42;17,87
20220626;3,9;16,61;82,1;1,25;5,24;4,88;16,13
20220627;4,64;17,48;80,91;0,62;3,49;5,8;19,12
20220628;4,98;18,37;81,84;0,48;8,14;6,22;20,43
20220629;4,2;18,3;82,23;0,59;7,22;5,25;17,24
20220630;4,72;18,41;79,35;0,9;1,37;5,9;19,38
20220701;4,8;17,98;81,16;0,74;6,3;6;19,75
20220702;4,14;18,25;80,01;0,97;6,03;5,17;17
20220703;4,63;18,56;78,03;2,13;3,82;5,79;19
20220704;4,05;18,49;78,82;1,68;2,74;5,06;16,63
20220705;4,78;17,85;79,22;1,08;0,45;5,97;19,65
20220706;4,89;17,79;77,54;1,3;0,09;6,12;20,14
20220707;4,38;18,24;77,49;1,38;7,9;5,48;18,01
20220708;2,57;18,2;78,65;1,62;21,57;3,21;10,56
20220709;4,99;18,55;78,94;1,51;12,03;6,24;20,48
20220710;4,23;18,45;78,09;0,82;12,76;5,29;17,38
20220711;3,68;18,26;82,09;0,64;4,79;4,6;15,13
20220712;4,35;18,18;80,6;1,03;8,68;5,43;17,86
20220713;4,51;18,36;77,13;1,09;3,82;5,64;18,53
20220714;4,99;18,6;78,76;0,88;3,03;6,23;20,45
20220715;4,91;19,26;80,74;0,9;4,73;6,14;20,11
20220716;4,9;18,87;77,5;0,75;2,35;6,12;20,07
20220717;3,86;17,93;78,63;1,83;4,14;4,83;15,89
20220718;4,44;16,96;78,93;1,87;1,38;5,55;18,32
20220719;4,86;17,45;78,81;1,58;10,62;6,08;20,03
20220720;4,64;17,45;81,8;1,37;4,78;5,8;19,13
20220721;4,15;17,96;79,3;1,39;0,71;5,19;17,07
20220722;4,53;18,51;79,9;0,57;3,44;5,66;18,59
20220723;4,09;18,73;81,86;1,04;4,81;5,12;16,78
20220724;4,51;18,68;78,92;0,94;12,4;5,64;18,51
20220725;3,42;18,08;79,59;0,95;4,96;4,27;14,05
20220726;3,99;18,02;82,51;0,57;8,95;4,98;16,39
20220727;3,91;17,91;82,65;0,73;33,91;4,89;16,08
20220728;4,45;17,62;81,11;0,95;6,97;5,56;18,33
20220729;4,87;18,04;77,83;1;2,94;6,09;20,02
20220730;5,57;18,2;79,02;0,96;13,03;6,96;22,88
20220731;4,69;18,61;79,53;1,02;14,18;5,87;19,26
20220801;4,92;18,57;81,54;0,66;7,18;6,15;20,19
20220802;3,78;18,23;80,27;1,13;15,36;4,72;15,52
20220803;4,6;18,32;79,52;1,19;2,75;5,76;18,91
20220804;4,15;18,35;77,83;1,02;1,31;5,18;17,03
20220805;4,19;18,11;76,88;1,11;28,05;5,23;17,2
20220806;4,44;17,78;77,1;1,41;1,36;5,55;18,26
20220807;5,16;18,27;75,35;1,24;0,02;6,45;21,2
20220808;5,94;18,39;76,26;1,51;4,15;7,43;24,4
20220809;3,3;18,58;77,81;1,19;1,71;4,12;13,53
20220810;4,51;17,47;81,43;1,53;0,38;5,64;18,59
20220811;5,56;17,9;75,87;1,39;0,05;6,94;22,86
20220812;5,83;18,39;79,99;0,77;23,79;7,28;23,92
20220813;3,76;18,06;81,2;0,72;18,07;4,7;15,47
20220814;4,45;18,28;80,58;1,12;14,27;5,56;18,27
20220815;4,61;18,11;76,33;1,18;2,22;5,76;18,94
20220816;5,5;18,42;75,15;0,79;3,6;6,88;22,59
20220817;6,53;19,09;74,8;0,97;0,19;8,16;26,72
20220818;6,61;19,13;74,08;1,02;0,28;8,27;27,07
20220819;5,94;18,72;77,25;1,32;10,17;7,43;24,37
20220820;3,67;17,95;80,15;1,76;9,64;4,58;15,08
20220821;4,86;17,65;81,52;1,34;0,71;6,08;20,01
20220822;3,95;17,51;79,6;1,62;0,12;4,94;16,28
20220823;5,83;17,44;75,33;1,54;0,06;7,29;24,04
20220824;5,53;17,42;75,6;1,63;0,02;6,91;22,79
20220825;4,25;18,08;75,15;1,1;0,45;5,31;17,47
20220826;4,34;18,09;78,4;0,94;1,24;5,42;17,83
20220827;5,14;18,34;77,73;1,05;0,71;6,42;21,09
20220828;4,42;17,14;77,11;1,63;2,47;5,53;18,25
20220829;3,44;16,9;78,69;1,75;8,14;4,3;14,21
20220830;5,9;18,04;76,06;1,32;2,04;7,38;24,26
20220831;5,03;18,89;76,77;0,74;2,08;6,28;20,6
20220901;4,72;18,37;83,04;0,7;4,42;5,9;19,38
20220902;3,69;19,16;81,32;0,75;6,33;4,61;15,09
20220903;4,17;18,4;82,78;1,64;10,65;5,21;17,1
20220904;3,9;18,09;78,58;1,81;1,7;4,88;16,05
20220905;4,19;18,09;76,51;1,63;0,17;5,24;17,23
20220906;4,58;18,08;77,48;1,18;0,33;5,72;18,82
20220907;5,26;18,75;76,28;1,08;0,05;6,57;21,55
20220908;5,53;18,39;77,63;0,75;2,48;6,92;22,72
20220909;4,15;19,34;76,83;1,02;1,47;5,19;16,98
20220910;4,39;19,38;75,26;1,82;1,59;5,49;17,97
20220911;5,69;18,75;75,25;1,23;0,12;7,11;23,33
20220912;5,21;18,79;78,4;0,8;1,28;6,51;21,36
20220913;5,05;18,8;75,61;1,22;5,81;6,32;20,72
20220914;4,74;18,91;77,54;0,95;3,45;5,92;19,4
20220915;5,73;19,08;77,2;0,85;7,71;7,16;23,45
20220916;3,22;18,93;78,11;1,08;9,33;4,02;13,18
20220917;5,1;18,7;74,46;1,09;1,03;6,38;20,91
20220918;4,06;19,03;76,73;0,64;1,01;5,07;16,62
20220919;4,36;18,18;82,16;0,62;9,73;5,46;17,93
20220920;5,67;18,45;83,41;0,5;8,2;7,09;23,27
20220921;3,54;18,02;83,99;0,52;6,63;4,42;14,54
20220922;4,35;17,67;85,11;0,7;3,97;5,44;17,91
20220923;5,69;18,82;78,9;0,67;8,9;7,12;23,33
20220924;4,97;18,53;77,61;1,25;13,12;6,21;20,38
20220925;5,48;18,65;72,59;0,78;0,19;6,85;22,48
20220926;5,75;19,13;72,37;1,04;0,03;7,19;23,55
20220927;5,69;18,86;74,51;1,01;0,02;7,11;23,3
20220928;3,95;18,81;77,24;0,77;2,75;4,94;16,19
20220929;4,96;19,13;76,75;0,9;1,56;6,2;20,31
20220930;4,34;18,69;79,27;1,17;21,06;5,43;17,81
20221001;4,04;17,49;79,91;1,68;7,68;5,05;16,66
20221002;5,39;17,61;76,51;1,84;0,37;6,74;22,2
20221003;5,95;18,21;75,75;1,05;3,08;7,44;24,44
20221004;5,24;18,93;78,89;0,66;2,16;6,55;21,46
20221005;5,37;18,13;88,04;0,84;12,9;6,71;22,07
20221006;4,57;18,43;87,04;0,83;11,44;5,72;18,77
20221007;5,53;18,16;81,94;1,1;16,35;6,91;22,72
20221008;4,35;18,2;77,93;1,18;11,09;5,43;17,86
20221009;4,77;18,37;79,04;0,57;0,67;5,96;19,59
20221010;5,87;18,73;76,82;1,38;0,13;7,33;24,06
20221011;4,28;18,48;77,13;1,32;0,12;5,35;17,56
20221012;4,96;19,3;73,71;0,63;0,26;6,21;20,31
20221013;4,95;17,52;90,46;1,04;7,44;6,18;20,38
20221014;5,21;18,8;83,78;1,19;1,34;6,51;21,34
20221015;4,11;19,18;82,31;0,97;6,99;5,14;16,83
20221016;4,83;18,85;83,53;0,76;8,32;6,04;19,79
20221017;5,05;18,27;88,09;0,61;10,06;6,31;20,74
20221018;4,37;18,38;87,26;0,58;12,04;5,46;17,93
20221019;4,57;18,62;86,67;1,01;29,62;5,71;18,75
20221020;3,39;18,36;82,87;0,78;16,14;4,24;13,93
20221021;4,37;18,11;86,41;1,45;3,77;5,46;17,95
20221022;4,56;18,58;86,51;1,07;7,94;5,7;18,7
20221023;4,18;18,08;87,92;0,9;22,77;5,22;17,17
20221024;4,43;18,62;84,01;0,81;4,26;5,54;18,17
20221025;4,92;18,08;87,84;0,92;5,37;6,15;20,22
20221026;3,93;18,51;86,13;0,95;16,74;4,92;16,15
20221027;4,43;18,15;85,93;1,4;7,35;5,54;18,2
20221028;4,47;17,8;87,82;1,17;15,06;5,59;18,41
20221029;4,69;17,81;85,6;1,48;10,44;5,86;19,29
20221030;5,63;18,11;81,88;1,58;0,66;7,04;23,16
20221031;5,97;18,18;82,98;1,15;0,04;7,46;24,53
20221101;5,52;18,94;83,39;0,9;4,99;6,9;22,63
20221102;2,27;18,49;80,64;1,55;14,3;2,83;9,3
20221103;5,17;17,75;85,86;1,21;9,75;6,47;21,29
20221104;4,97;17,79;83,3;1,03;4,3;6,21;20,45
20221105;3,8;17,45;89,34;1,01;0,7;4,75;15,65
20221106;4,4;17,88;89,45;1,01;9,62;5,5;18,12
20221107;3,97;18,18;89,02;0,79;11,25;4,97;16,33
20221108;4,94;18,29;85,46;0,64;15,55;6,17;20,28
20221109;4,99;17,77;88,92;0,85;20,83;6,24;20,54
20221110;4,01;17,08;89,19;0,88;1,84;5,01;16,55
20221111;4,25;17,31;89,87;1,05;10,97;5,32;17,53
20221112;4,71;17,45;88,97;1,14;4,19;5,88;19,39
20221113;5,2;18,4;88,03;0,98;3,2;6,5;21,35
20221114;4,46;18,66;86,13;0,82;2,71;5,58;18,31
20221115;4,6;18,69;85,84;1,02;3,97;5,75;18,85
20221116;4,18;18,92;81,67;0,74;2,2;5,22;17,11
20221117;4,46;18,15;84,78;0,8;4,01;5,57;18,32
20221118;3,82;17,41;91,41;0,63;3,28;4,78;15,75
20221119;4,88;18,68;86,49;0,55;2,14;6,1;20
20221120;3,69;19,22;84,92;0,83;6,32;4,61;15,1
20221121;5,62;19,03;87,31;1,36;1,92;7,02;23,02
20221122;4,7;17,93;89,97;1,3;1,56;5,87;19,31
20221123;4,8;17,71;85,63;1,14;3,2;6;19,75
20221124;4,81;18,09;87,12;0,8;3,88;6,01;19,76
20221125;4,54;18,45;86,88;0,48;0,57;5,68;18,65
20221126;4,05;17,44;87,9;0,89;7,78;5,06;16,68
20221127;3,07;17,83;89,1;0,59;4,35;3,84;12,64
20221128;4,05;16,75;90,99;1,03;10,99;5,06;16,73
20221129;4,53;16,77;85,44;1,13;6,35;5,66;18,72
20221130;3,48;16,93;87,2;1,99;2,47;4,35;14,37
20221201;6,05;16,96;88,32;1,82;1,2;7,56;24,98
20221202;6,09;17,06;88,42;1,19;0,63;7,61;25,13
20221203;5,27;17,18;86,12;0,89;1,17;6,59;21,75
20221204;4,81;16,67;90,5;1,16;10,81;6,01;19,88
20221205;4,67;17,02;85,35;1,03;8,19;5,84;19,29
20221206;4,57;17,29;89,17;0,8;10,37;5,71;18,84
20221207;3,64;17,16;88,91;0,71;3,88;4,55;15,01
20221208;4,11;17,65;87,5;0,81;0,7;5,14;16,92
20221209;4,59;18,47;80,85;0,72;0,3;5,74;18,84
20221210;3,92;17,98;83,22;0,63;0,25;4,9;16,11
20221211;4,21;17,86;84,7;0,69;3,19;5,26;17,32
20221212;5,27;18,34;82,72;0,64;2,23;6,59;21,66
20221213;3,97;18,26;82,38;0,7;4,07;4,96;16,31
20221214;4,14;18,31;78,25;1,39;1,52;5,18;17,02
20221215;5,04;18,62;79,43;1,11;0,15;6,3;20,67
20221216;5,77;18,64;77,5;1,03;0,5;7,22;23,69
20221217;5,52;19,07;77,92;0,96;1,65;6,9;22,61
20221218;4,78;18,22;79,95;1,04;2,8;5,97;19,62
20221219;5,59;18,36;77,03;1,05;0,24;6,98;22,93
20221220;5,35;18,31;75,32;1,27;0;6,69;21,97
20221221;5,18;17,96;77,78;0,88;0,44;6,48;21,31
20221222;5,32;19,15;78,93;0,85;0,3;6,65;21,78
20221223;5,23;19,03;80,41;0,68;1,14;6,54;21,43
20221224;5,16;18,31;78,47;1;1,15;6,44;21,17
20221225;5,72;17,85;75,14;1,05;4,08;7,15;23,52
20221226;4,94;17,35;75,08;0,8;6,18;6,17;20,36
20221227;5,6;17,65;78,42;0,85;0,33;6,99;23,04
20221228;5,34;18,23;86,86;0,54;0,61;6,67;21,93
20221229;5,29;17,76;87,51;0,94;0,5;6,61;21,77
20221230;5,5;18,78;83,69;0,94;0,15;6,88;22,55
20221231;3,99;18,61;82,35;0,96;2,02;4,98;16,36
